{"stats":{"minecraft:crafted":{"minecraft:brick":1,"chipped:wickered_spruce_planks":1,"chipped:herringbone_spruce_planks":1,"chipped:double_herringbone_spruce_planks":1,"chipped:slanted_spruce_planks":4,"minecraft:iron_boots":2,"minecraft:chest":4,"chipped:mason_table":1,"minecraft:crafting_table":4,"minecraft:spruce_planks":784,"minecraft:iron_helmet":2,"minecraft:birch_planks":48,"chipped:carpenters_table":1,"minecraft:iron_chestplate":1,"minecraft:diamond_pickaxe":1,"minecraft:shield":1,"minecraft:stick":12,"minecraft:iron_pickaxe":1,"minecraft:iron_ingot":18,"artifacts:eternal_steak":1,"minecraft:furnace":1,"minecraft:bone_meal":63,"spartanweaponry:diamond_spear":1,"minecraft:spruce_stairs":4,"chipped:shifted_spruce_planks":1,"spartanweaponry:diamond_battle_hammer":1,"minecraft:polished_deepslate":4,"tconstruct:skyroot_planks":4,"spartanweaponry:pole":2,"chipped:simple_andesite_pillar":3,"minecraft:iron_sword":1,"spartanweaponry:handle":1,"minecraft:bucket":2,"minecraft:bread":2,"minecraft:air":0,"minecraft:wooden_axe":1,"minecraft:iron_leggings":2,"spartanweaponry:diamond_halberd":1,"minecraft:acacia_planks":24},"minecraft:broken":{"spartanweaponry:iron_battle_hammer":1,"minecraft:iron_sword":1,"spartanweaponry:iron_battleaxe":1,"minecraft:iron_pickaxe":1,"minecraft:iron_helmet":1},"minecraft:mined":{"minecraft:spruce_planks":1,"alexsmobs:leafcutter_anthill":1,"minecraft:obsidian":2,"minecraft:acacia_log":6,"minecraft:grass_block":123,"minecraft:coal_block":41,"biomesoplenty:dried_salt":2,"minecraft:gilded_blackstone":11,"minecraft:spawner":12,"minecraft:magma_block":58,"supplementaries:ash":4,"chipped:wickered_spruce_planks":3,"minecraft:iron_ore":5,"minecraft:fire":1,"chipped:simple_andesite_pillar":11,"minecraft:azure_bluet":2,"create:asurine":2,"treasure2:onyx_ore":1,"minecraft:clay":8,"minecraft:torch":1,"minecraft:calcite":7,"supplementaries:wild_flax":4,"minecraft:cobblestone":18,"minecraft:sugar_cane":6,"minecraft:skeleton_skull":1,"minecraft:birch_log":13,"chipped:shifted_spruce_planks":1,"minecraft:wheat":8,"tconstruct:earth_slime_dirt":1,"minecraft:copper_block":3,"minecraft:grass":5,"minecraft:oak_log":7,"minecraft:dirt":246,"treasure2:deepslate_sapphire_ore":1,"minecraft:oak_leaves":7,"minecraft:deepslate":224,"create:zinc_ore":12,"minecraft:tuff":1,"minecraft:mossy_cobblestone":3,"minecraft:deepslate_diamond_ore":23,"farmersdelight:wild_carrots":1,"biomesoplenty:bush":1,"tconstruct:earth_slime_crystal_block":28,"treasure2:deepslate_ruby_ore":2,"minecraft:spruce_fence":1,"create:ochrum":5,"alexsmobs:leafcutter_ant_chamber":20,"minecraft:birch_slab":1,"minecraft:spruce_leaves":89,"treasure2:deepslate_topaz_ore":1,"minecraft:furnace":2,"tconstruct:sky_earth_slime_grass":10,"minecraft:polished_basalt":2,"tconstruct:budding_earth_slime_crystal":1,"minecraft:andesite":112,"chipped:double_herringbone_spruce_planks":1,"minecraft:deepslate_iron_ore":4,"minecraft:vine":2,"biomesoplenty:spider_egg":1,"minecraft:stone":854,"chipped:checkered_cobblestone_tiles":4,"tconstruct:sky_slime_tall_grass":1,"minecraft:acacia_leaves":1,"minecraft:basalt":11,"minecraft:crafting_table":5,"tconstruct:earth_slime_crystal_cluster":2,"minecraft:campfire":1,"minecraft:tall_grass":1,"minecraft:copper_ore":15,"supplementaries:urn":8,"tconstruct:sky_slime_leaves":1,"chipped:slanted_spruce_planks":1,"minecraft:spruce_log":201,"minecraft:birch_leaves":1,"tconstruct:skyroot_log":6,"chipped:herringbone_spruce_planks":1,"minecraft:coal_ore":33,"minecraft:gravel":48,"minecraft:cobweb":1,"minecraft:cracked_stone_bricks":1,"minecraft:stone_bricks":2,"minecraft:chipped_anvil":3,"minecraft:fern":6,"tconstruct:sky_congealed_slime":37},"minecraft:dropped":{"sophisticatedbackpacks:iron_backpack":1,"minecraft:cooked_porkchop":1,"minecraft:leather":2,"minecraft:birch_slab":1,"minecraft:dirt":4,"tombstone:bag_of_seeds":1,"minecraft:gilded_blackstone":12,"minecraft:gold_nugget":10,"minecraft:amethyst_shard":4,"minecraft:bone":19,"minecraft:cobbled_deepslate":16,"minecraft:obsidian":2,"minecraft:pointed_dripstone":1,"minecraft:rotten_flesh":18,"chipped:simple_andesite_pillar":1,"minecraft:carrot":1,"minecraft:poppy":2,"supplementaries:flax_seeds":4,"supplementaries:ash":11,"minecraft:gunpowder":2,"minecraft:melon_seeds":2,"minecraft:basalt":9,"treasure2:ruby":2,"spartanweaponry:iron_rapier":1,"minecraft:wheat_seeds":4,"minecraft:mossy_cobblestone":3,"minecraft:golden_horse_armor":1,"minecraft:feather":1,"minecraft:cobblestone":3,"minecraft:coal":5,"minecraft:torch":1,"tombstone:grave_dust":1,"minecraft:iron_leggings":1,"minecraft:polished_basalt":1,"minecraft:string":10,"minecraft:dandelion":2,"minecraft:cocoa_beans":1,"minecraft:iron_boots":1,"minecraft:pumpkin_seeds":4,"alexsmobs:cockroach_wing_fragment":1,"minecraft:iron_chestplate":2,"minecraft:spider_eye":3,"treasure2:onyx":1,"minecraft:raw_gold":5,"minecraft:calcite":7,"artifacts:fire_gauntlet":1},"minecraft:picked_up":{"minecraft:iron_chestplate":1,"minecraft:wheat":8,"minecraft:lead":2,"minecraft:potion":1,"minecraft:gilded_blackstone":12,"minecraft:string":14,"tconstruct:earth_slime_dirt":11,"minecraft:raw_copper":60,"minecraft:gold_nugget":33,"minecraft:cobbled_deepslate":223,"minecraft:spruce_planks":61,"minecraft:calcite":11,"minecraft:coal_block":76,"alexsmobs:leafcutter_ant_chamber":18,"minecraft:furnace":2,"minecraft:stick":8,"chipped:shifted_spruce_planks":1,"minecraft:torch":6,"minecraft:acacia_log":6,"tombstone:grave_dust":12,"minecraft:pointed_dripstone":1,"alexsmobs:centipede_leg":2,"chipped:checkered_cobblestone_tiles":4,"minecraft:rotten_flesh":61,"create:ochrum":1,"minecraft:polished_basalt":1,"tconstruct:earth_slime_crystal_block":28,"create:asurine":2,"supplementaries:ash":24,"minecraft:obsidian":3,"minecraft:cobblestone":832,"minecraft:birch_log":12,"minecraft:magma_block":58,"minecraft:feather":2,"minecraft:birch_slab":1,"biomesoplenty:dried_salt":2,"minecraft:andesite":112,"spartanweaponry:iron_battleaxe":2,"minecraft:copper_block":3,"paraglider:spirit_orb":20,"chipped:simple_andesite_pillar":12,"minecraft:flint":5,"minecraft:tuff":1,"create:raw_zinc":11,"supplementaries:flax_seeds":9,"minecraft:dirt":391,"spartanweaponry:iron_rapier":1,"minecraft:bone":42,"minecraft:chipped_anvil":3,"minecraft:wheat_seeds":29,"minecraft:raw_gold":5,"minecraft:honeycomb":1,"chipped:double_herringbone_spruce_planks":1,"chipped:herringbone_spruce_planks":1,"minecraft:cooked_porkchop":1,"minecraft:sand":3,"sophisticatedbackpacks:iron_backpack":2,"spartanweaponry:wooden_longbow":1,"minecraft:mossy_cobblestone":3,"minecraft:bundle":2,"minecraft:diamond":24,"alexsmobs:rattlesnake_rattle":1,"treasure2:sapphire":1,"minecraft:cocoa_beans":1,"minecraft:charcoal":2,"minecraft:crafting_table":5,"artifacts:night_vision_goggles":1,"minecraft:clay_ball":32,"treasure2:topaz":1,"tconstruct:skyroot_log":6,"minecraft:brick":4,"tconstruct:earth_slime_crystal":8,"alexsmobs:cooked_catfish":3,"chipped:wickered_spruce_planks":3,"artifacts:fire_gauntlet":2,"treasure2:ruby":2,"minecraft:iron_nugget":17,"minecraft:poppy":2,"minecraft:sugar_cane":12,"treasure2:onyx":1,"minecraft:raw_iron":9,"chipped:slanted_spruce_planks":1,"minecraft:spruce_fence":1,"minecraft:carrot":1,"alexsmobs:leafcutter_ant_pupa":2,"artifacts:everlasting_beef":1,"tconstruct:sky_slime_ball":148,"minecraft:arrow":46,"artifacts:cross_necklace":1,"minecraft:skeleton_skull":1,"minecraft:basalt":9,"artifacts:digging_claws":1,"biomesoplenty:goldenrod":1,"minecraft:leather":2,"minecraft:oak_log":7,"minecraft:yellow_bed":1,"minecraft:gunpowder":18,"tombstone:gift":1,"minecraft:stone_bricks":1,"mowziesmobs:foliaath_seed":4,"alexsmobs:cockroach_wing_fragment":1,"tombstone:bag_of_seeds":2,"minecraft:acacia_sapling":1,"minecraft:dandelion":2,"minecraft:dripstone_block":1,"minecraft:gravel":43,"minecraft:amethyst_shard":4,"minecraft:spruce_sapling":18,"minecraft:spruce_log":201,"minecraft:spider_eye":6,"spartanweaponry:iron_battle_hammer":1,"biomesoplenty:mahogany_log":2,"minecraft:pumpkin_seeds":2,"minecraft:baked_potato":1,"tombstone:magic_scroll":3,"minecraft:coal":82},"minecraft:custom":{"minecraft:interact_with_crafting_table":34,"minecraft:open_barrel":20,"goblintraders:trade_with_goblin":3,"minecraft:eat_cake_slice":2,"minecraft:leave_game":9,"minecraft:time_since_death":304775,"minecraft:sprint_one_cm":721255,"minecraft:damage_blocked_by_shield":890,"minecraft:drop":76,"minecraft:play_time":304775,"minecraft:jump":5765,"minecraft:walk_on_water_one_cm":127347,"minecraft:interact_with_furnace":20,"minecraft:sleep_in_bed":3,"minecraft:damage_dealt":37453,"minecraft:crouch_one_cm":5884,"tombstone:undead_killed":117,"tombstone:villager_killed":1,"minecraft:interact_with_anvil":1,"minecraft:mob_kills":232,"minecraft:climb_one_cm":9785,"minecraft:walk_one_cm":913157,"minecraft:damage_dealt_absorbed":80,"minecraft:sneak_time":2827,"minecraft:walk_under_water_one_cm":50210,"minecraft:total_world_time":304775,"minecraft:time_since_rest":154412,"minecraft:damage_taken":5334,"minecraft:swim_one_cm":74785,"minecraft:fly_one_cm":977950,"minecraft:open_chest":92,"minecraft:fall_one_cm":171206},"minecraft:killed":{"minecraft:cave_spider":4,"minecraft:spider":17,"tconstruct:sky_slime":17,"minecraft:skeleton":44,"alexsmobs:centipede_head":1,"artifacts:mimic":1,"minecraft:pig":1,"minecraft:zombie_villager":1,"minecraft:creeper":12,"minecraft:trader_llama":2,"minecraft:zombie":71,"alexsmobs:terrapin":1,"alexsmobs:komodo_dragon":2,"minecraft:cow":1,"alexsmobs:tasmanian_devil":2,"alexsmobs:rattlesnake":1,"alexsmobs:gorilla":3,"minecraft:drowned":1,"mowziesmobs:grottol":1,"mowziesmobs:baby_foliaath":3,"minecraft:wandering_trader":1,"alexsmobs:catfish":2,"alexsmobs:cockroach":2,"alexsmobs:crow":1},"minecraft:used":{"alexsmobs:small_catfish_bucket":1,"chipped:checkered_cobblestone_tiles":170,"minecraft:chest":4,"minecraft:shield":31,"minecraft:iron_sword":242,"minecraft:rotten_flesh":11,"minecraft:magma_block":16,"chipped:slanted_spruce_planks":1,"minecraft:furnace":3,"minecraft:skeleton_skull":1,"mowziesmobs:foliaath_seed":2,"chipped:double_herringbone_spruce_planks":1,"artifacts:eternal_steak":73,"minecraft:sugar_cane":12,"minecraft:sand":3,"minecraft:dripstone_block":1,"minecraft:bread":2,"beyond_earth:oil_bucket":5,"create:asurine":1,"minecraft:gravel":20,"biomesoplenty:dried_salt":2,"chipped:carpenters_table":1,"minecraft:bone_meal":23,"tconstruct:earth_slime_dirt":1,"spartanweaponry:diamond_battle_hammer":51,"minecraft:torch":5,"minecraft:dirt":125,"chipped:herringbone_spruce_planks":1,"spartanweaponry:diamond_spear":185,"chipped:simple_andesite_pillar":107,"minecraft:chipped_anvil":3,"tconstruct:sky_slime_bucket":6,"spartanweaponry:iron_battle_hammer":41,"chipped:shifted_spruce_planks":1,"tombstone:gift":3,"minecraft:cobbled_deepslate":6,"minecraft:wheat_seeds":8,"minecraft:water_bucket":39,"minecraft:birch_planks":19,"minecraft:copper_block":3,"minecraft:crafting_table":7,"chipped:mason_table":1,"spartanweaponry:diamond_halberd":92,"spartanweaponry:iron_battleaxe":29,"tombstone:bag_of_seeds":2,"minecraft:diamond_pickaxe":986,"minecraft:iron_pickaxe":249,"chipped:wickered_spruce_planks":126,"minecraft:spruce_sapling":10,"minecraft:cobblestone":15,"minecraft:bucket":53,"minecraft:yellow_bed":1}},"DataVersion":3120}