{"stats":{"minecraft:picked_up":{"minecraft:iron_chestplate":1,"minecraft:charcoal":2,"minecraft:cocoa_beans":1,"minecraft:crafting_table":3,"minecraft:wheat":8,"artifacts:night_vision_goggles":1,"minecraft:clay_ball":32,"minecraft:lead":2,"treasure2:topaz":1,"tconstruct:skyroot_log":6,"minecraft:potion":1,"minecraft:gilded_blackstone":12,"tconstruct:earth_slime_crystal":8,"alexsmobs:cooked_catfish":3,"minecraft:string":9,"tconstruct:earth_slime_dirt":11,"artifacts:fire_gauntlet":2,"minecraft:gold_nugget":33,"minecraft:cobbled_deepslate":27,"treasure2:ruby":2,"minecraft:calcite":11,"minecraft:iron_nugget":17,"minecraft:poppy":2,"minecraft:coal_block":38,"alexsmobs:leafcutter_ant_chamber":18,"treasure2:onyx":1,"minecraft:raw_iron":4,"minecraft:torch":6,"minecraft:acacia_log":6,"minecraft:pointed_dripstone":1,"tombstone:grave_dust":12,"alexsmobs:leafcutter_ant_pupa":2,"alexsmobs:centipede_leg":2,"artifacts:everlasting_beef":1,"tconstruct:sky_slime_ball":148,"minecraft:arrow":46,"minecraft:rotten_flesh":49,"minecraft:polished_basalt":1,"create:asurine":2,"tconstruct:earth_slime_crystal_block":28,"artifacts:cross_necklace":1,"supplementaries:ash":12,"minecraft:obsidian":1,"minecraft:skeleton_skull":1,"minecraft:cobblestone":12,"minecraft:birch_log":12,"minecraft:magma_block":58,"minecraft:basalt":9,"artifacts:digging_claws":1,"biomesoplenty:dried_salt":2,"minecraft:birch_slab":1,"spartanweaponry:iron_battleaxe":2,"biomesoplenty:goldenrod":1,"minecraft:leather":2,"minecraft:copper_block":3,"paraglider:spirit_orb":18,"minecraft:tuff":1,"create:raw_zinc":11,"supplementaries:flax_seeds":9,"minecraft:yellow_bed":1,"minecraft:gunpowder":8,"minecraft:dirt":19,"tombstone:gift":1,"minecraft:bone":37,"minecraft:chipped_anvil":1,"minecraft:stone_bricks":1,"minecraft:raw_gold":5,"mowziesmobs:foliaath_seed":4,"minecraft:wheat_seeds":29,"alexsmobs:cockroach_wing_fragment":1,"tombstone:bag_of_seeds":2,"minecraft:honeycomb":1,"minecraft:acacia_sapling":1,"minecraft:dandelion":2,"minecraft:dripstone_block":1,"minecraft:sand":3,"minecraft:amethyst_shard":4,"sophisticatedbackpacks:iron_backpack":2,"spartanweaponry:wooden_longbow":1,"minecraft:spider_eye":4,"minecraft:mossy_cobblestone":2,"spartanweaponry:iron_battle_hammer":1,"minecraft:bundle":2,"biomesoplenty:mahogany_log":2,"minecraft:pumpkin_seeds":2,"minecraft:diamond":22,"alexsmobs:rattlesnake_rattle":1,"tombstone:magic_scroll":3,"minecraft:coal":5},"minecraft:broken":{"spartanweaponry:iron_battle_hammer":1,"spartanweaponry:iron_battleaxe":1,"minecraft:iron_sword":1,"minecraft:iron_pickaxe":1,"minecraft:iron_helmet":1},"minecraft:killed":{"minecraft:cave_spider":4,"minecraft:spider":15,"alexsmobs:tasmanian_devil":2,"alexsmobs:rattlesnake":1,"alexsmobs:gorilla":3,"minecraft:skeleton":37,"alexsmobs:centipede_head":1,"artifacts:mimic":1,"mowziesmobs:grottol":1,"minecraft:zombie_villager":1,"minecraft:wandering_trader":1,"minecraft:creeper":6,"alexsmobs:catfish":2,"minecraft:trader_llama":2,"alexsmobs:cockroach":2,"minecraft:zombie":57,"alexsmobs:terrapin":1,"alexsmobs:komodo_dragon":2,"minecraft:cow":1},"minecraft:custom":{"minecraft:interact_with_anvil":1,"minecraft:mob_kills":166,"minecraft:interact_with_crafting_table":13,"minecraft:open_barrel":20,"minecraft:eat_cake_slice":2,"minecraft:leave_game":3,"minecraft:time_since_death":162904,"minecraft:climb_one_cm":1028,"minecraft:sprint_one_cm":496560,"minecraft:walk_one_cm":465005,"minecraft:damage_blocked_by_shield":890,"minecraft:drop":58,"minecraft:damage_dealt_absorbed":80,"minecraft:play_time":162904,"minecraft:sneak_time":953,"minecraft:walk_under_water_one_cm":37971,"minecraft:jump":3732,"minecraft:walk_on_water_one_cm":101872,"minecraft:total_world_time":162904,"minecraft:interact_with_furnace":9,"minecraft:sleep_in_bed":3,"minecraft:time_since_rest":12541,"minecraft:damage_taken":4038,"minecraft:damage_dealt":29652,"minecraft:swim_one_cm":44818,"minecraft:fly_one_cm":663860,"minecraft:open_chest":63,"minecraft:crouch_one_cm":2426,"tombstone:undead_killed":95,"tombstone:villager_killed":1,"minecraft:fall_one_cm":110137},"minecraft:mined":{"create:zinc_ore":11,"minecraft:tuff":1,"minecraft:mossy_cobblestone":2,"minecraft:deepslate_diamond_ore":21,"alexsmobs:leafcutter_anthill":1,"minecraft:acacia_log":6,"tconstruct:earth_slime_crystal_block":28,"minecraft:grass_block":3,"treasure2:deepslate_ruby_ore":2,"alexsmobs:leafcutter_ant_chamber":20,"minecraft:coal_block":41,"biomesoplenty:dried_salt":2,"minecraft:birch_slab":1,"treasure2:deepslate_topaz_ore":1,"minecraft:spawner":11,"minecraft:gilded_blackstone":10,"minecraft:magma_block":58,"supplementaries:ash":1,"tconstruct:sky_earth_slime_grass":10,"minecraft:polished_basalt":2,"tconstruct:budding_earth_slime_crystal":1,"create:asurine":2,"treasure2:onyx_ore":1,"minecraft:deepslate_iron_ore":4,"minecraft:stone":12,"biomesoplenty:spider_egg":1,"tconstruct:sky_slime_tall_grass":1,"minecraft:acacia_leaves":1,"minecraft:basalt":11,"minecraft:clay":8,"minecraft:crafting_table":3,"minecraft:torch":1,"tconstruct:earth_slime_crystal_cluster":2,"minecraft:calcite":7,"supplementaries:wild_flax":4,"minecraft:campfire":1,"minecraft:tall_grass":1,"minecraft:skeleton_skull":1,"supplementaries:urn":8,"tconstruct:sky_slime_leaves":1,"minecraft:birch_log":13,"minecraft:wheat":8,"tconstruct:earth_slime_dirt":1,"tconstruct:skyroot_log":6,"minecraft:copper_block":3,"minecraft:grass":5,"minecraft:coal_ore":1,"minecraft:cracked_stone_bricks":1,"minecraft:stone_bricks":2,"minecraft:chipped_anvil":1,"minecraft:oak_leaves":1,"minecraft:deepslate":26,"minecraft:fern":6,"tconstruct:sky_congealed_slime":37},"minecraft:used":{"spartanweaponry:diamond_battle_hammer":35,"alexsmobs:small_catfish_bucket":1,"minecraft:chest":2,"minecraft:shield":31,"minecraft:iron_sword":242,"minecraft:rotten_flesh":11,"minecraft:torch":5,"minecraft:dirt":1,"spartanweaponry:diamond_spear":101,"minecraft:chipped_anvil":1,"minecraft:magma_block":16,"tconstruct:sky_slime_bucket":4,"minecraft:furnace":1,"spartanweaponry:iron_battle_hammer":41,"tombstone:gift":3,"minecraft:skeleton_skull":1,"minecraft:cobbled_deepslate":6,"mowziesmobs:foliaath_seed":2,"minecraft:wheat_seeds":8,"minecraft:water_bucket":38,"minecraft:copper_block":3,"artifacts:eternal_steak":51,"minecraft:sand":3,"minecraft:crafting_table":4,"spartanweaponry:diamond_halberd":57,"minecraft:dripstone_block":1,"spartanweaponry:iron_battleaxe":29,"tombstone:bag_of_seeds":2,"minecraft:bread":2,"minecraft:iron_pickaxe":249,"create:asurine":1,"biomesoplenty:dried_salt":2,"minecraft:cobblestone":1,"minecraft:bucket":44,"minecraft:yellow_bed":1,"tconstruct:earth_slime_dirt":1},"minecraft:dropped":{"sophisticatedbackpacks:iron_backpack":1,"minecraft:wheat_seeds":4,"minecraft:mossy_cobblestone":2,"minecraft:golden_horse_armor":1,"minecraft:cobblestone":3,"minecraft:leather":2,"minecraft:birch_slab":1,"minecraft:coal":5,"minecraft:dirt":2,"tombstone:bag_of_seeds":1,"minecraft:torch":1,"tombstone:grave_dust":1,"minecraft:iron_leggings":1,"minecraft:gilded_blackstone":12,"minecraft:gold_nugget":10,"minecraft:amethyst_shard":4,"minecraft:polished_basalt":1,"minecraft:string":5,"minecraft:dandelion":2,"minecraft:bone":18,"minecraft:cocoa_beans":1,"minecraft:cobbled_deepslate":15,"minecraft:obsidian":2,"minecraft:pointed_dripstone":1,"minecraft:rotten_flesh":11,"minecraft:iron_boots":1,"minecraft:pumpkin_seeds":4,"minecraft:poppy":2,"supplementaries:flax_seeds":4,"supplementaries:ash":11,"minecraft:gunpowder":2,"alexsmobs:cockroach_wing_fragment":1,"minecraft:iron_chestplate":2,"minecraft:melon_seeds":2,"treasure2:onyx":1,"minecraft:spider_eye":3,"minecraft:basalt":9,"treasure2:ruby":2,"minecraft:raw_gold":5,"minecraft:calcite":7,"artifacts:fire_gauntlet":1},"minecraft:crafted":{"artifacts:eternal_steak":1,"minecraft:furnace":1,"spartanweaponry:diamond_spear":1,"spartanweaponry:diamond_battle_hammer":1,"minecraft:iron_boots":2,"minecraft:chest":2,"tconstruct:skyroot_planks":4,"spartanweaponry:pole":2,"minecraft:crafting_table":1,"minecraft:iron_helmet":2,"minecraft:iron_sword":1,"spartanweaponry:handle":1,"minecraft:bucket":1,"minecraft:birch_planks":48,"minecraft:bread":2,"minecraft:iron_chestplate":1,"minecraft:shield":1,"minecraft:stick":12,"minecraft:iron_ingot":12,"minecraft:iron_pickaxe":1,"minecraft:iron_leggings":2,"spartanweaponry:diamond_halberd":1,"minecraft:acacia_planks":24}},"DataVersion":3120}