{"stats":{"minecraft:dropped":{"sophisticatedbackpacks:iron_backpack":1,"minecraft:wheat_seeds":4,"minecraft:mossy_cobblestone":2,"minecraft:golden_horse_armor":1,"minecraft:cooked_porkchop":1,"minecraft:feather":1,"minecraft:cobblestone":3,"minecraft:leather":2,"minecraft:birch_slab":1,"minecraft:coal":5,"minecraft:dirt":3,"tombstone:bag_of_seeds":1,"minecraft:torch":1,"tombstone:grave_dust":1,"minecraft:iron_leggings":1,"minecraft:gilded_blackstone":12,"minecraft:amethyst_shard":4,"minecraft:gold_nugget":10,"minecraft:polished_basalt":1,"minecraft:string":10,"minecraft:dandelion":2,"minecraft:bone":19,"minecraft:cocoa_beans":1,"minecraft:cobbled_deepslate":16,"minecraft:obsidian":2,"minecraft:pointed_dripstone":1,"minecraft:rotten_flesh":11,"minecraft:iron_boots":1,"minecraft:carrot":1,"minecraft:pumpkin_seeds":4,"minecraft:poppy":2,"supplementaries:flax_seeds":4,"supplementaries:ash":11,"minecraft:gunpowder":2,"alexsmobs:cockroach_wing_fragment":1,"minecraft:iron_chestplate":2,"minecraft:melon_seeds":2,"minecraft:spider_eye":3,"treasure2:onyx":1,"minecraft:basalt":9,"treasure2:ruby":2,"minecraft:raw_gold":5,"minecraft:calcite":7,"artifacts:fire_gauntlet":1},"minecraft:broken":{"spartanweaponry:iron_battle_hammer":1,"spartanweaponry:iron_battleaxe":1,"minecraft:iron_sword":1,"minecraft:iron_pickaxe":1,"minecraft:iron_helmet":1},"minecraft:killed":{"minecraft:cave_spider":4,"minecraft:spider":16,"tconstruct:sky_slime":17,"alexsmobs:tasmanian_devil":2,"alexsmobs:rattlesnake":1,"alexsmobs:gorilla":3,"minecraft:skeleton":40,"minecraft:drowned":1,"alexsmobs:centipede_head":1,"artifacts:mimic":1,"mowziesmobs:grottol":1,"minecraft:pig":1,"minecraft:zombie_villager":1,"minecraft:wandering_trader":1,"minecraft:creeper":7,"alexsmobs:catfish":2,"minecraft:trader_llama":2,"alexsmobs:cockroach":2,"minecraft:zombie":63,"alexsmobs:terrapin":1,"alexsmobs:crow":1,"alexsmobs:komodo_dragon":2,"minecraft:cow":1},"minecraft:picked_up":{"minecraft:cocoa_beans":1,"minecraft:charcoal":2,"minecraft:crafting_table":5,"minecraft:iron_chestplate":1,"minecraft:wheat":8,"artifacts:night_vision_goggles":1,"minecraft:clay_ball":32,"minecraft:lead":2,"treasure2:topaz":1,"tconstruct:skyroot_log":6,"minecraft:potion":1,"minecraft:gilded_blackstone":12,"tconstruct:earth_slime_crystal":8,"alexsmobs:cooked_catfish":3,"minecraft:string":14,"tconstruct:earth_slime_dirt":11,"artifacts:fire_gauntlet":2,"minecraft:gold_nugget":33,"minecraft:cobbled_deepslate":28,"minecraft:spruce_planks":1,"treasure2:ruby":2,"minecraft:calcite":11,"minecraft:poppy":2,"minecraft:iron_nugget":17,"minecraft:sugar_cane":12,"minecraft:coal_block":38,"alexsmobs:leafcutter_ant_chamber":18,"treasure2:onyx":1,"minecraft:stick":2,"minecraft:raw_iron":7,"minecraft:acacia_log":6,"minecraft:torch":6,"minecraft:spruce_fence":1,"minecraft:pointed_dripstone":1,"tombstone:grave_dust":12,"minecraft:carrot":1,"alexsmobs:leafcutter_ant_pupa":2,"alexsmobs:centipede_leg":2,"artifacts:everlasting_beef":1,"tconstruct:sky_slime_ball":148,"minecraft:arrow":46,"minecraft:rotten_flesh":54,"create:ochrum":1,"minecraft:polished_basalt":1,"tconstruct:earth_slime_crystal_block":28,"create:asurine":2,"artifacts:cross_necklace":1,"supplementaries:ash":12,"minecraft:obsidian":3,"minecraft:skeleton_skull":1,"minecraft:cobblestone":15,"minecraft:birch_log":12,"minecraft:magma_block":58,"minecraft:feather":2,"minecraft:basalt":9,"artifacts:digging_claws":1,"biomesoplenty:dried_salt":2,"minecraft:birch_slab":1,"spartanweaponry:iron_battleaxe":2,"biomesoplenty:goldenrod":1,"minecraft:leather":2,"minecraft:copper_block":3,"paraglider:spirit_orb":20,"minecraft:tuff":1,"create:raw_zinc":11,"minecraft:oak_log":2,"supplementaries:flax_seeds":9,"minecraft:yellow_bed":1,"minecraft:gunpowder":11,"minecraft:dirt":21,"tombstone:gift":1,"minecraft:bone":40,"minecraft:chipped_anvil":1,"minecraft:stone_bricks":1,"mowziesmobs:foliaath_seed":4,"minecraft:wheat_seeds":29,"alexsmobs:cockroach_wing_fragment":1,"minecraft:raw_gold":5,"tombstone:bag_of_seeds":2,"minecraft:honeycomb":1,"minecraft:acacia_sapling":1,"minecraft:cooked_porkchop":1,"minecraft:dandelion":2,"minecraft:dripstone_block":1,"minecraft:sand":3,"minecraft:amethyst_shard":4,"minecraft:spruce_sapling":2,"sophisticatedbackpacks:iron_backpack":2,"spartanweaponry:wooden_longbow":1,"minecraft:spider_eye":6,"minecraft:mossy_cobblestone":2,"spartanweaponry:iron_battle_hammer":1,"minecraft:bundle":2,"biomesoplenty:mahogany_log":2,"minecraft:pumpkin_seeds":2,"minecraft:diamond":24,"alexsmobs:rattlesnake_rattle":1,"treasure2:sapphire":1,"minecraft:baked_potato":1,"tombstone:magic_scroll":3,"minecraft:coal":5},"minecraft:crafted":{"artifacts:eternal_steak":1,"minecraft:furnace":1,"spartanweaponry:diamond_spear":1,"spartanweaponry:diamond_battle_hammer":1,"minecraft:iron_boots":2,"minecraft:chest":2,"tconstruct:skyroot_planks":4,"spartanweaponry:pole":2,"minecraft:crafting_table":2,"minecraft:iron_helmet":2,"minecraft:iron_sword":1,"spartanweaponry:handle":1,"minecraft:bucket":1,"minecraft:birch_planks":48,"minecraft:bread":2,"minecraft:iron_chestplate":1,"minecraft:diamond_pickaxe":1,"minecraft:shield":1,"minecraft:stick":12,"minecraft:iron_pickaxe":1,"minecraft:iron_ingot":18,"minecraft:iron_leggings":2,"spartanweaponry:diamond_halberd":1,"minecraft:acacia_planks":24},"minecraft:used":{"spartanweaponry:diamond_battle_hammer":43,"alexsmobs:small_catfish_bucket":1,"minecraft:chest":2,"minecraft:shield":31,"minecraft:iron_sword":242,"minecraft:rotten_flesh":11,"minecraft:torch":5,"minecraft:dirt":2,"spartanweaponry:diamond_spear":166,"minecraft:chipped_anvil":1,"minecraft:magma_block":16,"tconstruct:sky_slime_bucket":6,"minecraft:furnace":1,"spartanweaponry:iron_battle_hammer":41,"tombstone:gift":3,"minecraft:skeleton_skull":1,"minecraft:cobbled_deepslate":6,"mowziesmobs:foliaath_seed":2,"minecraft:wheat_seeds":8,"minecraft:water_bucket":39,"minecraft:birch_planks":19,"minecraft:copper_block":3,"artifacts:eternal_steak":59,"minecraft:sugar_cane":12,"minecraft:sand":3,"minecraft:crafting_table":6,"spartanweaponry:diamond_halberd":67,"minecraft:dripstone_block":1,"spartanweaponry:iron_battleaxe":29,"tombstone:bag_of_seeds":2,"minecraft:diamond_pickaxe":10,"minecraft:bread":2,"minecraft:iron_pickaxe":249,"beyond_earth:oil_bucket":3,"create:asurine":1,"biomesoplenty:dried_salt":2,"minecraft:cobblestone":1,"minecraft:bucket":50,"minecraft:yellow_bed":1,"tconstruct:earth_slime_dirt":1},"minecraft:custom":{"minecraft:interact_with_anvil":1,"minecraft:mob_kills":210,"minecraft:interact_with_crafting_table":16,"minecraft:open_barrel":20,"goblintraders:trade_with_goblin":3,"minecraft:eat_cake_slice":2,"minecraft:leave_game":5,"minecraft:time_since_death":194705,"minecraft:climb_one_cm":9785,"minecraft:sprint_one_cm":587654,"minecraft:walk_one_cm":552320,"minecraft:damage_blocked_by_shield":890,"minecraft:drop":65,"minecraft:damage_dealt_absorbed":80,"minecraft:play_time":194705,"minecraft:sneak_time":1036,"minecraft:walk_under_water_one_cm":48077,"minecraft:jump":4568,"minecraft:walk_on_water_one_cm":126333,"minecraft:total_world_time":194705,"minecraft:interact_with_furnace":11,"minecraft:sleep_in_bed":3,"minecraft:time_since_rest":44342,"minecraft:damage_taken":4421,"minecraft:damage_dealt":33996,"minecraft:swim_one_cm":74785,"minecraft:fly_one_cm":810322,"minecraft:open_chest":68,"minecraft:crouch_one_cm":2426,"tombstone:undead_killed":105,"tombstone:villager_killed":1,"minecraft:fall_one_cm":133617},"minecraft:mined":{"create:zinc_ore":12,"minecraft:tuff":1,"minecraft:spruce_planks":1,"minecraft:mossy_cobblestone":2,"minecraft:deepslate_diamond_ore":23,"farmersdelight:wild_carrots":1,"alexsmobs:leafcutter_anthill":1,"minecraft:obsidian":2,"minecraft:spruce_fence":1,"biomesoplenty:bush":1,"minecraft:acacia_log":6,"tconstruct:earth_slime_crystal_block":28,"minecraft:grass_block":3,"treasure2:deepslate_ruby_ore":2,"create:ochrum":5,"alexsmobs:leafcutter_ant_chamber":20,"minecraft:coal_block":41,"biomesoplenty:dried_salt":2,"minecraft:birch_slab":1,"minecraft:spruce_leaves":16,"minecraft:spawner":12,"treasure2:deepslate_topaz_ore":1,"minecraft:gilded_blackstone":11,"minecraft:magma_block":58,"supplementaries:ash":1,"tconstruct:sky_earth_slime_grass":10,"minecraft:polished_basalt":2,"minecraft:iron_ore":3,"tconstruct:budding_earth_slime_crystal":1,"minecraft:azure_bluet":2,"minecraft:vine":2,"create:asurine":2,"treasure2:onyx_ore":1,"minecraft:deepslate_iron_ore":4,"biomesoplenty:spider_egg":1,"minecraft:stone":15,"minecraft:acacia_leaves":1,"tconstruct:sky_slime_tall_grass":1,"minecraft:basalt":11,"minecraft:clay":8,"minecraft:crafting_table":5,"minecraft:torch":1,"minecraft:calcite":7,"tconstruct:earth_slime_crystal_cluster":2,"minecraft:campfire":1,"supplementaries:wild_flax":4,"minecraft:cobblestone":4,"minecraft:tall_grass":1,"minecraft:sugar_cane":6,"supplementaries:urn":8,"minecraft:skeleton_skull":1,"tconstruct:sky_slime_leaves":1,"minecraft:birch_log":13,"minecraft:wheat":8,"tconstruct:earth_slime_dirt":1,"tconstruct:skyroot_log":6,"minecraft:copper_block":3,"minecraft:oak_log":2,"minecraft:grass":5,"minecraft:coal_ore":1,"minecraft:dirt":1,"treasure2:deepslate_sapphire_ore":1,"minecraft:cobweb":1,"minecraft:cracked_stone_bricks":1,"minecraft:stone_bricks":2,"minecraft:chipped_anvil":1,"minecraft:oak_leaves":2,"minecraft:deepslate":29,"minecraft:fern":6,"tconstruct:sky_congealed_slime":37}},"DataVersion":3120}