{"stats":{"minecraft:custom":{"minecraft:jump":18,"minecraft:leave_game":1,"minecraft:time_since_rest":3974,"minecraft:deaths":2,"minecraft:damage_dealt":16,"minecraft:crouch_one_cm":259,"minecraft:sprint_one_cm":795,"minecraft:play_time":30342,"minecraft:damage_taken":535,"minecraft:time_since_death":0,"minecraft:walk_one_cm":1664,"minecraft:sneak_time":130,"minecraft:total_world_time":30342,"minecraft:fall_one_cm":2068,"minecraft:fly_one_cm":1527},"minecraft:picked_up":{"minecraft:dirt":5},"minecraft:killed_by":{"minecraft:zombie":1,"minecraft:spider":1},"minecraft:mined":{"minecraft:grass":1,"minecraft:grass_block":5}},"DataVersion":3120}