{"stats":{"minecraft:picked_up":{"minecraft:wheat":9,"minecraft:chainmail_boots":1,"minecraft:anvil":2,"minecraft:stone_slab":2,"artifacts:umbrella":1,"minecraft:enchanted_book":2,"minecraft:gilded_blackstone":11,"minecraft:stone_brick_stairs":2,"minecraft:brewing_stand":1,"alexsmobs:gazelle_horn":2,"minecraft:string":116,"minecraft:raw_copper":8,"minecraft:smooth_stone_slab":26,"minecraft:zombie_head":15,"minecraft:tnt_minecart":1,"minecraft:gold_nugget":11,"minecraft:cobbled_deepslate":113,"minecraft:calcite":11,"minecraft:melon_slice":43,"spartanweaponry:iron_flanged_mace":2,"minecraft:iron_boots":2,"minecraft:furnace":1,"minecraft:stick":5,"minecraft:torch":16,"easy_villagers:iron_farm":3,"minecraft:golden_axe":1,"tombstone:grave_dust":22,"minecraft:pointed_dripstone":8,"minecraft:diorite":5,"minecraft:rotten_flesh":121,"minecraft:polished_basalt":2,"supplementaries:antique_ink":4,"tconstruct:earth_slime_crystal_block":46,"minecraft:iron_block":2,"create:asurine":1,"supplementaries:ash":18,"minecraft:obsidian":8,"minecraft:cobblestone":249,"minecraft:magma_block":47,"minecraft:feather":4,"minecraft:cooked_beef":4,"biomesoplenty:dried_salt":1,"minecraft:jungle_log":2,"spartanweaponry:iron_battleaxe":1,"artifacts:thorn_pendant":1,"paraglider:spirit_orb":66,"minecraft:flint":3,"minecraft:tuff":1,"create:raw_zinc":3,"minecraft:lapis_lazuli":37,"minecraft:dirt":142,"minecraft:bone":62,"minecraft:bow":3,"minecraft:wheat_seeds":32,"minecraft:raw_gold":26,"minecraft:grindstone":1,"minecraft:mossy_stone_bricks":5,"minecraft:bamboo":41,"biomesoplenty:mahogany_planks":3,"minecraft:sand":13,"sophisticatedbackpacks:iron_backpack":1,"minecraft:dark_oak_log":3,"minecraft:trapped_chest":1,"minecraft:mossy_cobblestone":6,"minecraft:bundle":2,"minecraft:polished_andesite":7,"minecraft:white_candle":2,"minecraft:diamond":29,"minecraft:granite":12,"minecraft:oak_sapling":8,"minecraft:oak_leaves":3,"minecraft:cocoa_beans":3,"minecraft:coarse_dirt":2,"minecraft:crafting_table":1,"minecraft:chicken":2,"minecraft:clay_ball":48,"minecraft:leather_leggings":1,"treasure2:topaz":1,"minecraft:red_bed":1,"artifacts:fire_gauntlet":2,"minecraft:cracked_stone_bricks":4,"biomesoplenty:black_sand":3,"minecraft:candle":1,"treasure2:ruby":1,"minecraft:beef":3,"alexsmobs:elastic_tendon":1,"minecraft:poppy":1,"minecraft:sugar_cane":19,"biomesoplenty:hanging_cobweb":1,"minecraft:egg":2,"minecraft:dark_oak_sapling":1,"minecraft:raw_iron":181,"spartanweaponry:spider_head":4,"minecraft:carrot":2,"minecraft:redstone":8,"artifacts:snorkel":1,"tconstruct:sky_slime_ball":3,"minecraft:arrow":42,"minecraft:hay_block":19,"tombstone:essence_of_undeath":1,"minecraft:gold_ingot":16,"sophisticatedbackpacks:copper_backpack":1,"minecraft:rail":1,"minecraft:skeleton_skull":27,"minecraft:white_wool":17,"minecraft:basalt":15,"minecraft:leather":6,"spartanweaponry:iron_longsword":1,"minecraft:acacia_wood":6,"easy_villagers:farmer":1,"minecraft:oak_log":72,"minecraft:gunpowder":5,"minecraft:cobblestone_stairs":4,"tconstruct:sky_slime_crystal_block":4,"minecraft:paper":1,"easy_villagers:converter":1,"minecraft:cooked_mutton":7,"minecraft:stone_bricks":4,"alexsmobs:cockroach_wing_fragment":1,"minecraft:iron_ingot":10,"minecraft:cooked_chicken":1,"tombstone:bag_of_seeds":2,"spartanweaponry:iron_dagger":1,"minecraft:stone_brick_slab":4,"minecraft:red_wool":1,"minecraft:dripstone_block":1,"minecraft:gravel":12,"minecraft:blast_furnace":1,"minecraft:mossy_stone_brick_slab":1,"minecraft:spider_eye":9,"spartanweaponry:iron_battle_hammer":1,"biomesoplenty:mahogany_log":7,"minecraft:mossy_cobblestone_stairs":1,"tombstone:magic_scroll":3,"minecraft:coal":205,"minecraft:ender_pearl":3},"minecraft:broken":{"minecraft:iron_boots":1,"minecraft:iron_chestplate":1,"minecraft:golden_shovel":1,"minecraft:iron_leggings":1,"minecraft:stone_sword":1,"minecraft:iron_pickaxe":3,"minecraft:iron_helmet":2},"minecraft:custom":{"minecraft:interact_with_crafting_table":56,"minecraft:open_barrel":52,"goblintraders:trade_with_goblin":138,"minecraft:eat_cake_slice":2,"minecraft:leave_game":7,"minecraft:time_since_death":16131,"minecraft:sprint_one_cm":576314,"minecraft:damage_blocked_by_shield":668,"minecraft:drop":30,"minecraft:talked_to_villager":8,"minecraft:play_time":315052,"minecraft:deaths":30,"minecraft:interact_with_brewingstand":6,"minecraft:jump":5638,"minecraft:walk_on_water_one_cm":59238,"minecraft:interact_with_furnace":51,"minecraft:sleep_in_bed":2,"minecraft:damage_dealt":43692,"minecraft:player_kills":1,"minecraft:crouch_one_cm":27231,"tombstone:undead_killed":172,"minecraft:interact_with_smithing_table":3,"minecraft:interact_with_anvil":1,"minecraft:mob_kills":265,"minecraft:damage_dealt_resisted":155,"minecraft:climb_one_cm":4598,"minecraft:walk_one_cm":502653,"minecraft:damage_dealt_absorbed":147,"minecraft:sneak_time":11828,"minecraft:walk_under_water_one_cm":12238,"minecraft:interact_with_blast_furnace":31,"minecraft:total_world_time":315052,"tombstone:raider_killed":1,"minecraft:interact_with_grindstone":4,"minecraft:time_since_rest":12541,"minecraft:damage_taken":13007,"minecraft:damage_absorbed":120,"minecraft:trigger_trapped_chest":2,"minecraft:swim_one_cm":21802,"minecraft:fly_one_cm":1098858,"minecraft:open_chest":177,"minecraft:fall_one_cm":140675},"minecraft:killed":{"minecraft:cave_spider":12,"minecraft:witch":1,"minecraft:spider":17,"alexsmobs:murmur":1,"tconstruct:sky_slime":9,"minecraft:skeleton":48,"minecraft:bee":1,"minecraft:chicken":2,"mowziesmobs:foliaath":1,"artifacts:mimic":5,"minecraft:zombie_villager":1,"minecraft:iron_golem":1,"minecraft:creeper":1,"minecraft:sheep":6,"minecraft:zombie":120,"minecraft:cow":5,"beyond_earth:pygro_brute":1,"minecraft:drowned":2,"goblintraders:goblin_trader":1,"alexsmobs:cockroach":1,"minecraft:enderman":2},"minecraft:killed_by":{"minecraft:creeper":5,"minecraft:cave_spider":1,"minecraft:zombie":15,"artifacts:mimic":1,"alexsmobs:centipede_head":1,"minecraft:skeleton":6},"minecraft:mined":{"minecraft:oak_sapling":2,"minecraft:mossy_stone_brick_slab":2,"minecraft:cobblestone_stairs":4,"tconstruct:sky_slime_crystal_block":2,"minecraft:jungle_leaves":2,"minecraft:brewing_stand":1,"minecraft:obsidian":7,"minecraft:granite":15,"minecraft:grass_block":96,"minecraft:stone_brick_wall":1,"minecraft:jungle_log":2,"biomesoplenty:dried_salt":8,"minecraft:spawner":33,"minecraft:gilded_blackstone":16,"minecraft:magma_block":60,"minecraft:mossy_cobblestone_slab":1,"minecraft:mossy_cobblestone_stairs":1,"minecraft:iron_ore":124,"minecraft:cobbled_deepslate":1,"minecraft:fire":1,"minecraft:deepslate_lapis_ore":5,"minecraft:anvil":2,"biomesoplenty:hanging_cobweb":5,"minecraft:skeleton_wall_skull":12,"biomesoplenty:glowshroom_block":1,"minecraft:pointed_dripstone":7,"minecraft:iron_bars":2,"biomesoplenty:webbing":15,"minecraft:deepslate_redstone_ore":2,"minecraft:red_bed":1,"biomesoplenty:hanging_cobweb_strand":3,"minecraft:clay":10,"minecraft:torch":5,"minecraft:blast_furnace":1,"minecraft:polished_andesite_stairs":1,"minecraft:calcite":5,"minecraft:melon":12,"minecraft:dead_bush":1,"tconstruct:small_earth_slime_crystal_bud":2,"minecraft:mushroom_stem":1,"easy_villagers:farmer":1,"minecraft:cobblestone":50,"minecraft:white_candle":1,"minecraft:sugar_cane":9,"minecraft:grindstone":1,"minecraft:oak_planks":1,"minecraft:wall_torch":9,"tconstruct:large_earth_slime_crystal_bud":1,"biomesoplenty:glowworm_silk_strand":1,"minecraft:wheat":9,"minecraft:smooth_stone_slab":30,"minecraft:stone_brick_stairs":3,"minecraft:potted_poppy":1,"minecraft:grass":24,"minecraft:oak_log":73,"easy_villagers:converter":1,"minecraft:sand":14,"minecraft:dirt":63,"spartanweaponry:spider_wall_head":2,"minecraft:zombie_wall_head":1,"minecraft:red_mushroom_block":2,"minecraft:oak_leaves":31,"minecraft:deepslate":51,"create:zinc_ore":3,"minecraft:tuff":6,"minecraft:mossy_cobblestone":9,"minecraft:dark_oak_leaves":4,"minecraft:deepslate_diamond_ore":29,"minecraft:dark_oak_log":3,"tconstruct:medium_earth_slime_crystal_bud":1,"tconstruct:earth_slime_crystal_block":46,"treasure2:deepslate_topaz_ore":1,"minecraft:hay_block":19,"easy_villagers:iron_farm":1,"minecraft:polished_basalt":2,"minecraft:acacia_wood":6,"tconstruct:budding_earth_slime_crystal":5,"minecraft:andesite":1,"minecraft:mossy_stone_brick_stairs":1,"minecraft:deepslate_iron_ore":59,"minecraft:vine":4,"minecraft:bamboo":4,"minecraft:stone":212,"minecraft:white_wool":13,"minecraft:basalt":15,"minecraft:stone_brick_slab":4,"biomesoplenty:black_sand":3,"minecraft:crafting_table":1,"biomesoplenty:mahogany_planks":3,"minecraft:stone_slab":1,"minecraft:tall_grass":2,"minecraft:deepslate_gold_ore":15,"biomesoplenty:sprout":11,"minecraft:lapis_ore":1,"minecraft:diorite":6,"supplementaries:urn":6,"minecraft:coarse_dirt":2,"biomesoplenty:mahogany_log":7,"minecraft:yellow_bed":1,"minecraft:coal_ore":206,"minecraft:cocoa":1,"minecraft:gravel":12,"minecraft:dripstone_block":3,"biomesoplenty:stringy_cobweb":2,"minecraft:cobweb":88,"minecraft:cracked_stone_bricks":3,"minecraft:polished_andesite":6,"minecraft:stone_bricks":3,"minecraft:mossy_stone_bricks":5,"minecraft:gold_ore":5,"minecraft:fern":46},"minecraft:used":{"minecraft:chest":3,"minecraft:stone":86,"minecraft:iron_sword":410,"spartanweaponry:diamond_boomerang":1,"minecraft:white_candle":2,"artifacts:umbrella":22,"minecraft:jungle_planks":6,"minecraft:carrot":2,"minecraft:tuff":1,"easy_villagers:converter":1,"minecraft:obsidian":1,"handcrafted:spruce_fancy_bed":1,"minecraft:iron_helmet":1,"easy_villagers:iron_farm":1,"minecraft:furnace":1,"minecraft:oak_sapling":8,"minecraft:skeleton_skull":12,"spartanweaponry:iron_greatsword":156,"minecraft:diorite":2,"ironchests:iron_chest":3,"minecraft:stone_pickaxe":32,"spartanweaponry:platinum_katana":4,"minecraft:wooden_pickaxe":17,"minecraft:diamond_axe":203,"minecraft:golden_apple":3,"spartanweaponry:iron_flanged_mace":67,"minecraft:blast_furnace":1,"spartanweaponry:spider_head":2,"mcwlights:double_street_lamp":5,"minecraft:shears":3,"spartanweaponry:diamond_scythe":331,"easy_villagers:villager":5,"minecraft:zombie_head":1,"minecraft:bread":87,"minecraft:melon_slice":9,"tombstone:grave_key":9,"minecraft:gravel":2,"cgm:assault_rifle":19,"minecraft:diamond_sword":6,"minecraft:grindstone":1,"sophisticatedstorage:diamond_barrel":1,"minecraft:smooth_stone_slab":6,"biomesoplenty:mahogany_planks":31,"minecraft:enchanting_table":1,"minecraft:stone_sword":131,"beyond_earth:earth_globe":1,"minecraft:cooked_chicken":1,"minecraft:torch":42,"minecraft:brewing_stand":1,"minecraft:dirt":12,"minecraft:anvil":1,"minecraft:golden_shovel":32,"cgm:rifle":3,"minecraft:bookshelf":3,"easy_villagers:trader":2,"sophisticatedstorage:copper_barrel":1,"mcwlights:bell_wall_lantern":4,"mcwlights:tavern_lantern":3,"tombstone:gift":8,"minecraft:cooked_beef":4,"minecraft:cobbled_deepslate":35,"biomesoplenty:black_sand":2,"minecraft:cooked_mutton":3,"beyond_earth:nasa_workbench":1,"minecraft:cobblestone_stairs":2,"create:train_door":1,"easy_villagers:farmer":1,"sophisticatedstorage:limited_iron_barrel_1":1,"ironchests:iron_dolly":14,"minecraft:cracked_stone_bricks":1,"minecraft:mossy_cobblestone":5,"mcwlights:redstone_lamp_slab":17,"beyond_earth:pygro_brute_spawn_egg":1,"minecraft:crafting_table":2,"minecraft:red_bed":1,"ironfurnaces:million_furnace":2,"tombstone:bag_of_seeds":2,"minecraft:oak_log":17,"minecraft:diamond_pickaxe":297,"minecraft:diamond_shovel":129,"minecraft:iron_pickaxe":748,"minecraft:stone_slab":19,"mcwlights:yellow_paper_lamp":3,"minecraft:stone_axe":23,"minecraft:cobblestone":68,"mcwlights:classic_street_lamp":4,"tconstruct:sky_slime_crystal_block":2,"mcwlights:iron_framed_torch":5},"minecraft:dropped":{"minecraft:iron_sword":1,"minecraft:dirt":13,"minecraft:iron_pickaxe":1,"spartanweaponry:iron_dagger":1,"minecraft:bone":2,"minecraft:gravel":2,"minecraft:pointed_dripstone":8,"minecraft:rotten_flesh":6,"supplementaries:antique_ink":2,"easy_villagers:converter":1,"minecraft:arrow":1,"treasure2:ruby":1,"easy_villagers:farmer":1,"minecraft:mossy_cobblestone":1,"minecraft:dripstone_block":1,"tombstone:magic_scroll":1,"minecraft:torch":1,"tombstone:grave_dust":1,"artifacts:digging_claws":1,"minecraft:chicken":1,"minecraft:clay_ball":40,"easy_villagers:iron_farm":3,"minecraft:raw_gold":1,"artifacts:fire_gauntlet":1},"minecraft:crafted":{"minecraft:grindstone":1,"ironchests:copper_chest":3,"minecraft:oak_planks":64,"minecraft:stone":94,"paraglider:deku_leaf":1,"minecraft:bookshelf":3,"minecraft:iron_boots":2,"minecraft:chest":5,"spartanweaponry:diamond_scythe":1,"minecraft:crafting_table":1,"minecraft:wooden_pickaxe":1,"minecraft:iron_helmet":2,"ironchests:iron_chest":3,"minecraft:copper_ingot":36,"minecraft:iron_chestplate":2,"minecraft:diamond_pickaxe":1,"minecraft:stick":44,"minecraft:stone_slab":18,"minecraft:iron_ingot":317,"minecraft:iron_pickaxe":3,"minecraft:stone_sword":1,"minecraft:gold_ingot":36,"minecraft:shears":1,"minecraft:coal":8,"biomesoplenty:mahogany_planks":28,"minecraft:furnace":1,"minecraft:stone_pickaxe":1,"minecraft:wheat":171,"minecraft:cooked_beef":3,"paraglider:paraglider":1,"spartanweaponry:pole":1,"minecraft:enchanting_table":1,"minecraft:iron_sword":1,"spartanweaponry:handle":1,"minecraft:stone_axe":1,"minecraft:bread":64,"minecraft:air":0,"minecraft:jungle_planks":8,"spartanweaponry:iron_greatsword":1,"minecraft:iron_leggings":2,"minecraft:acacia_planks":24,"minecraft:torch":8}},"DataVersion":3120}