{"stats":{"minecraft:crafted":{"create:powered_latch":1,"minecraft:chain":3,"minecraft:lever":1,"minecraft:bookshelf":28,"paraglider:deku_leaf":1,"minecraft:glass":0,"minecraft:diamond_helmet":1,"minecraft:diamond_leggings":1,"create:cogwheel":1,"torchmaster:megatorch":1,"minecraft:deepslate":0,"minecraft:emerald":128,"chipped:tiny_andesite_bricks":1,"ironchests:iron_chest":23,"minecraft:copper_ingot":340,"tombstone:white_marble":12,"minecraft:stone_slab":30,"minecraft:iron_pickaxe":3,"minecraft:iron_block":6,"minecraft:gold_ingot":79,"minecraft:golden_carrot":1,"minecraft:iron_nugget":514,"tombstone:strange_tablet":1,"minecraft:bone_meal":21,"ironchests:key_ring":1,"minecraft:stone_pickaxe":1,"minecraft:diamond_boots":1,"minecraft:redstone_block":1,"ironchests:gold_chest":13,"minecraft:wheat":171,"minecraft:coal_block":2,"securitycraft:portable_radar":2,"chipped:small_deepslate_bricks":1,"chipped:secret_oak_door":1,"minecraft:enchanting_table":1,"mcwlights:chain_lantern":49,"ironfurnaces:upgrade_iron":3,"minecraft:deepslate_tiles":64,"securitycraft:cobblestone_mine":2,"treasure2:pilferers_lock_pick":4,"spartanweaponry:iron_greatsword":1,"securitycraft:remote_access_sentry":1,"minecraft:wooden_axe":1,"minecraft:oak_stairs":260,"minecraft:iron_leggings":2,"create:shaft":24,"cyclic:emerald_sword":1,"chipped:unamused_cobblestone":4,"tconstruct:grout":264,"minecraft:brick":0,"minecraft:grindstone":2,"ironchests:copper_chest":23,"securitycraft:mine":18,"minecraft:oak_planks":820,"chipped:rounded_deepslate_bricks":1,"cyclic:emerald_shovel":1,"minecraft:stone":309,"mcwlights:chain_wall_lantern":49,"securitycraft:laser_block":1,"minecraft:iron_boots":2,"minecraft:raw_copper":72,"cyclic:emerald_axe":1,"minecraft:chest":33,"minecraft:stone_bricks":4,"minecraft:oak_fence":24,"treasure2:thiefs_lock_pick":24,"chipped:mason_table":1,"ironchests:key":1,"tombstone:decorative_grave_original":1,"treasure2:treasure_tool":1,"minecraft:oak_slab":300,"ironchests:diamond_dolly":1,"spartanweaponry:diamond_scythe":1,"minecraft:crafting_table":7,"chipped:cut_cobblestone_column":4,"minecraft:iron_helmet":2,"minecraft:baked_potato":16,"minecraft:wooden_pickaxe":1,"minecraft:gold_block":1,"minecraft:birch_planks":524,"chipped:carpenters_table":1,"minecraft:dispenser":2,"minecraft:book":53,"minecraft:iron_chestplate":2,"cyclic:emerald_chestplate":1,"minecraft:paper":18,"minecraft:diamond_pickaxe":2,"minecraft:stick":112,"minecraft:birch_fence":39,"minecraft:iron_ingot":701,"minecraft:stone_sword":1,"cyclic:emerald_helmet":1,"mcwlights:striped_lantern":32,"minecraft:redstone_torch":5,"minecraft:deepslate_bricks":64,"minecraft:shears":1,"securitycraft:universal_block_reinforcer_lvl1":1,"minecraft:oak_door":3,"minecraft:coal":33,"securitycraft:sentry":2,"biomesoplenty:mahogany_planks":28,"modernlife:chainsaw":2,"minecraft:furnace":3,"refinedstorage:quartz_enriched_iron":64,"minecraft:glass_pane":16,"minecraft:flint_and_steel":2,"cyclic:emerald_pickaxe":1,"minecraft:polished_deepslate":64,"minecraft:iron_hoe":1,"minecraft:birch_sign":3,"minecraft:cooked_beef":3,"paraglider:paraglider":1,"create:andesite_alloy":64,"elevatorid:elevator_white":2,"spartanweaponry:pole":1,"minecraft:iron_sword":1,"spartanweaponry:handle":1,"minecraft:bucket":2,"minecraft:stone_axe":1,"minecraft:air":0,"minecraft:bread":64,"minecraft:jungle_planks":8,"securitycraft:dirt_mine":5,"tombstone:decorative_grave_cross":1,"minecraft:white_wool":4,"minecraft:gold_nugget":18,"chipped:pillar_stone_bricks":3,"minecraft:acacia_planks":32,"cyclic:emerald_boots":1,"minecraft:torch":184,"cyclic:emerald_leggings":1,"ironchests:lock":6,"minecraft:diamond_chestplate":1},"minecraft:broken":{"minecraft:iron_boots":1,"minecraft:iron_chestplate":1,"minecraft:iron_leggings":1,"minecraft:diamond_pickaxe":1,"minecraft:stone_sword":1,"minecraft:iron_pickaxe":6,"minecraft:iron_helmet":2,"minecraft:golden_shovel":1,"minecraft:flint_and_steel":1,"modernlife:chainsaw":1},"minecraft:mined":{"chipped:cut_stone_column":3,"chipped:tiled_deepslate_column":6,"create:andesite_casing":2,"tconstruct:sky_slime_crystal_block":2,"minecraft:jungle_leaves":2,"minecraft:obsidian":12,"minecraft:granite":42,"minecraft:acacia_log":3,"minecraft:stone_brick_wall":1,"minecraft:jungle_log":2,"biomesoplenty:dried_salt":8,"minecraft:spawner":36,"minecraft:tall_seagrass":8,"minecraft:magma_block":88,"minecraft:mossy_cobblestone_stairs":3,"minecraft:cobbled_deepslate":5,"minecraft:fire":1,"biomesoplenty:lavender":1,"minecraft:pumpkin":2,"chipped:cut_cobblestone_column":4,"minecraft:deepslate_lapis_ore":27,"biomesoplenty:glowshroom_block":1,"biomesoplenty:webbing":15,"minecraft:oak_stairs":94,"minecraft:small_amethyst_bud":1,"minecraft:smooth_sandstone_stairs":2,"minecraft:waxed_exposed_copper":3,"minecraft:tripwire":10,"minecraft:sandstone_slab":1,"minecraft:cut_sandstone":10,"minecraft:red_bed":1,"minecraft:kelp_plant":11,"minecraft:amethyst_cluster":8,"minecraft:torch":41,"minecraft:blast_furnace":1,"minecraft:polished_andesite_stairs":1,"minecraft:melon":12,"chipped:overgrown_oak_log":1,"minecraft:dead_bush":1,"easy_villagers:farmer":1,"minecraft:white_candle":1,"minecraft:sugar_cane":45,"chipped:smooth_inlayed_deepslate":4,"minecraft:amethyst_block":73,"minecraft:skeleton_skull":1,"chipped:pillar_stone_bricks":3,"biomesoplenty:glowworm_silk_strand":1,"minecraft:wheat":27,"minecraft:potted_poppy":1,"minecraft:stone_brick_stairs":3,"minecraft:grass":38,"minecraft:sandstone_wall":1,"minecraft:smooth_basalt":9,"minecraft:zombie_wall_head":1,"minecraft:red_mushroom_block":2,"minecraft:deepslate":109,"minecraft:yellow_terracotta":2,"create:zinc_ore":3,"minecraft:mossy_cobblestone":18,"chipped:carved_deepslate":8,"minecraft:dark_oak_log":3,"chipped:unamused_cobblestone":3,"minecraft:redstone_wire":1,"chipped:stacked_cobblestone_bricks":2,"minecraft:kelp":1,"chipped:whirlwind_oak_planks":39,"treasure2:deepslate_topaz_ore":1,"minecraft:waxed_oxidized_cut_copper":1,"minecraft:snow":4,"minecraft:acacia_wood":6,"minecraft:andesite":93,"minecraft:mossy_stone_brick_stairs":1,"minecraft:potatoes":53,"minecraft:vine":5,"chipped:weathered_deepslate":4,"minecraft:bamboo":4,"chipped:checkered_cobblestone_tiles":22,"minecraft:white_wool":13,"supplementaries:wall_lantern":26,"minecraft:oak_slab":10,"minecraft:stone_brick_slab":6,"minecraft:observer":1,"biomesoplenty:black_sand":3,"minecraft:smooth_sandstone":1,"chipped:tiny_andesite_bricks":72,"chipped:flat_stone_tiles":4,"minecraft:dropper":1,"biomesoplenty:mahogany_planks":3,"minecraft:tall_grass":2,"minecraft:copper_ore":55,"minecraft:deepslate_gold_ore":23,"minecraft:diorite":54,"chipped:massive_deepslate_bricks":37,"chipped:herringbone_oak_planks":4,"tconstruct:sky_slime_leaves":2,"minecraft:coarse_dirt":5,"minecraft:birch_leaves":13,"minecraft:gravel":168,"minecraft:dripstone_block":3,"biomesoplenty:stringy_cobweb":2,"minecraft:cobweb":88,"minecraft:stone_bricks":9,"minecraft:gold_ore":5,"minecraft:fern":46,"tconstruct:sky_congealed_slime":29,"create:deepslate_zinc_ore":7,"mcwlights:chain_wall_lantern":12,"minecraft:oak_sapling":5,"chipped:flat_cobblestone_tiles":4,"tombstone:decorative_grave_original":1,"minecraft:mossy_stone_brick_slab":2,"minecraft:cobblestone_stairs":8,"minecraft:brewing_stand":2,"minecraft:budding_amethyst":17,"minecraft:grass_block":389,"minecraft:infested_cobblestone":9,"chipped:etched_deepslate_bricks":8,"biomesoplenty:flowering_oak_leaves":4,"minecraft:sandstone_stairs":1,"minecraft:gilded_blackstone":64,"chipped:checkered_deepslate_tiles":2,"chipped:reinforced_oak_log":1,"minecraft:mossy_cobblestone_slab":2,"supplementaries:ash":21,"minecraft:iron_ore":221,"minecraft:anvil":3,"biomesoplenty:hanging_cobweb":5,"minecraft:skeleton_wall_skull":12,"minecraft:pointed_dripstone":7,"minecraft:iron_bars":2,"chipped:rounded_deepslate_bricks":1,"minecraft:deepslate_redstone_ore":36,"minecraft:blackstone":2,"minecraft:medium_amethyst_bud":1,"biomesoplenty:hanging_cobweb_strand":3,"minecraft:clay":27,"minecraft:calcite":36,"tconstruct:small_earth_slime_crystal_bud":2,"minecraft:mushroom_stem":1,"minecraft:nether_quartz_ore":30,"minecraft:cobblestone":101,"minecraft:grindstone":1,"minecraft:oak_planks":115,"minecraft:iron_door":1,"minecraft:wall_torch":83,"tconstruct:large_earth_slime_crystal_bud":1,"minecraft:seagrass":8,"minecraft:birch_log":36,"mcwlights:striped_lantern":14,"minecraft:tnt":9,"minecraft:smooth_stone_slab":33,"minecraft:oak_log":388,"easy_villagers:converter":1,"minecraft:sand":36,"minecraft:dirt":369,"minecraft:waxed_exposed_cut_copper_slab":2,"spartanweaponry:spider_wall_head":2,"chipped:bordered_deepslate":4,"minecraft:tripwire_hook":6,"minecraft:dispenser":3,"minecraft:netherrack":53,"minecraft:oak_leaves":159,"minecraft:tuff":8,"minecraft:dark_oak_leaves":4,"minecraft:deepslate_diamond_ore":42,"torchmaster:megatorch":1,"minecraft:glow_lichen":3,"tconstruct:medium_earth_slime_crystal_bud":1,"tconstruct:earth_slime_crystal_block":46,"chipped:fine_oak_planks":5,"chipped:brick_bond_oak_planks":4,"chipped:stacked_oak_planks":4,"minecraft:sandstone":18,"minecraft:hay_block":19,"easy_villagers:iron_farm":1,"minecraft:polished_basalt":2,"minecraft:chiseled_sandstone":2,"tconstruct:budding_earth_slime_crystal":5,"minecraft:gold_block":1,"minecraft:bookshelf":8,"minecraft:deepslate_iron_ore":96,"minecraft:stripped_oak_log":2,"minecraft:stone":3337,"minecraft:snow_block":7,"chipped:small_deepslate_bricks":1,"minecraft:basalt":20,"minecraft:crafting_table":4,"ironchests:iron_chest":1,"minecraft:stone_slab":27,"biomesoplenty:sprout":12,"minecraft:lapis_ore":1,"supplementaries:urn":12,"minecraft:birch_planks":1,"biomesoplenty:mahogany_log":7,"minecraft:redstone_torch":1,"tconstruct:skyroot_log":2,"minecraft:yellow_bed":1,"minecraft:coal_ore":286,"minecraft:cocoa":1,"minecraft:cracked_stone_bricks":4,"minecraft:polished_andesite":6,"minecraft:mossy_stone_bricks":11,"paraglider:goddess_statue":1},"minecraft:dropped":{"minecraft:iron_sword":1,"minecraft:cooked_beef":1,"minecraft:cracked_stone_bricks":2,"minecraft:emerald":1,"minecraft:dirt":13,"minecraft:gold_nugget":4,"minecraft:iron_pickaxe":1,"spartanweaponry:iron_dagger":1,"minecraft:white_wool":3,"minecraft:bone":3,"minecraft:cooked_chicken":1,"minecraft:iron_nugget":9,"minecraft:rotten_flesh":16,"minecraft:oak_planks":1,"easy_villagers:converter":1,"minecraft:leather_boots":1,"treasure2:ruby":1,"minecraft:iron_ingot":116,"easy_villagers:farmer":1,"minecraft:wheat_seeds":9,"minecraft:dripstone_block":1,"minecraft:cobblestone":12,"minecraft:iron_helmet":1,"artifacts:snorkel":1,"artifacts:digging_claws":1,"minecraft:chicken":1,"minecraft:clay_ball":40,"minecraft:stone_slab":3,"easy_villagers:iron_farm":3,"minecraft:bundle":1,"minecraft:stone_bricks":1,"minecraft:spider_eye":1,"minecraft:sandstone":3,"sophisticatedbackpacks:copper_backpack":1,"minecraft:bow":1,"artifacts:fire_gauntlet":1,"modernlife:chainsaw":1,"minecraft:baked_potato":64,"minecraft:lantern":2,"minecraft:flint":1,"minecraft:gravel":4,"minecraft:pointed_dripstone":8,"minecraft:cooked_mutton":1,"supplementaries:antique_ink":4,"supplementaries:ash":71,"minecraft:gunpowder":2,"minecraft:basalt":6,"minecraft:arrow":1,"minecraft:bread":1,"minecraft:mossy_cobblestone":3,"tombstone:magic_scroll":1,"minecraft:waxed_exposed_copper":3,"minecraft:torch":1,"tombstone:grave_dust":3,"minecraft:raw_iron":16,"minecraft:light_gray_wool":2,"securitycraft:universal_block_remover":1,"minecraft:oak_sapling":59,"ironchests:key_ring":1,"minecraft:raw_gold":1,"securitycraft:keypad":1},"minecraft:picked_up":{"minecraft:chainmail_boots":1,"minecraft:anvil":3,"minecraft:stone_slab":30,"minecraft:oak_stairs":94,"minecraft:enchanted_book":2,"minecraft:brewing_stand":2,"minecraft:golden_sword":1,"minecraft:amethyst_block":54,"paraglider:goddess_statue":1,"minecraft:string":129,"chipped:bordered_deepslate":4,"minecraft:gold_nugget":33,"minecraft:cobbled_deepslate":1702,"minecraft:melon_slice":43,"minecraft:acacia_log":2,"create:andesite_casing":2,"easy_villagers:iron_farm":3,"minecraft:golden_axe":1,"ironchests:key_ring":1,"minecraft:polished_basalt":2,"minecraft:iron_block":2,"tconstruct:earth_slime_crystal_block":46,"supplementaries:ash":94,"minecraft:snowball":32,"minecraft:birch_log":146,"biomesoplenty:lavender":2,"minecraft:magma_block":72,"minecraft:feather":9,"minecraft:cooked_beef":21,"minecraft:iron_door":1,"biomesoplenty:dried_salt":1,"minecraft:jungle_log":2,"spartanweaponry:iron_battleaxe":1,"chipped:unamused_cobblestone":3,"artifacts:thorn_pendant":1,"alexsmobs:bison_fur":1,"minecraft:flint":71,"minecraft:lantern":3,"spartanweaponry:iron_rapier":1,"chipped:herringbone_oak_planks":4,"tconstruct:sky_slime_sapling":2,"biomesoplenty:mahogany_planks":3,"chipped:stacked_cobblestone_bricks":25,"minecraft:dropper":1,"sophisticatedbackpacks:iron_backpack":1,"chipped:tiny_andesite_bricks":72,"minecraft:trapped_chest":1,"minecraft:dark_oak_log":3,"securitycraft:universal_block_remover":1,"minecraft:bundle":5,"minecraft:polished_andesite":7,"minecraft:white_candle":2,"minecraft:dispenser":3,"minecraft:granite":92,"minecraft:bread":21,"chipped:secret_oak_door":1,"minecraft:coarse_dirt":5,"minecraft:crafting_table":4,"minecraft:sandstone_slab":1,"minecraft:clay_ball":244,"minecraft:leather_leggings":1,"treasure2:topaz":1,"chipped:inlayed_andesite":5,"minecraft:red_bed":1,"chipped:checkered_deepslate_tiles":2,"minecraft:cracked_stone_bricks":6,"treasure2:ruby":1,"minecraft:beef":3,"minecraft:poppy":1,"minecraft:iron_nugget":16,"minecraft:birch_sapling":38,"minecraft:egg":5,"chipped:rounded_deepslate_bricks":1,"minecraft:sandstone":11,"minecraft:stone":211,"artifacts:charm_of_sinking":1,"farmersdelight:tomato_seeds":3,"modernlife:chainsaw":1,"minecraft:carrot":2,"minecraft:redstone":238,"minecraft:tnt":9,"tconstruct:sky_slime_ball":109,"chipped:carved_deepslate":8,"minecraft:hay_block":19,"minecraft:sandstone_stairs":1,"minecraft:yellow_terracotta":1,"tombstone:essence_of_undeath":1,"minecraft:gold_ingot":16,"sophisticatedbackpacks:copper_backpack":2,"minecraft:glow_berries":2,"minecraft:rail":1,"minecraft:white_wool":26,"minecraft:stripped_oak_log":2,"minecraft:tripwire_hook":6,"spartanweaponry:iron_longsword":1,"minecraft:acacia_wood":6,"easy_villagers:farmer":1,"minecraft:oak_log":757,"mowziesmobs:wrought_axe":1,"tconstruct:sky_slime_crystal_block":4,"minecraft:paper":1,"minecraft:apple":17,"minecraft:stone_bricks":15,"minecraft:kelp":34,"alexsmobs:cockroach_wing_fragment":1,"minecraft:cobweb":3,"tombstone:bag_of_seeds":3,"spartanweaponry:iron_dagger":1,"mcwlights:chain_wall_lantern":12,"minecraft:smooth_basalt":9,"minecraft:red_wool":1,"minecraft:gravel":613,"spartanweaponry:iron_battle_hammer":1,"biomesoplenty:mahogany_log":7,"minecraft:birch_sign":19,"securitycraft:keypad":2,"minecraft:baked_potato":66,"minecraft:ender_pearl":3,"chipped:fine_oak_planks":5,"minecraft:wheat":17,"artifacts:umbrella":1,"minecraft:gilded_blackstone":51,"minecraft:nether_brick":40,"minecraft:stone_brick_stairs":2,"alexsmobs:gazelle_horn":2,"spartanweaponry:iron_katana":1,"minecraft:raw_copper":395,"chipped:massive_deepslate_bricks":36,"treasure2:onyx_lock":1,"minecraft:smooth_stone_slab":29,"minecraft:zombie_head":17,"minecraft:tnt_minecart":1,"minecraft:calcite":39,"spartanweaponry:iron_flanged_mace":2,"farmersdelight:cabbage_seeds":1,"minecraft:iron_boots":2,"minecraft:furnace":1,"minecraft:tipped_arrow":2,"minecraft:stick":102,"tombstone:decorative_grave_original":1,"minecraft:torch":154,"tombstone:grave_dust":42,"minecraft:pointed_dripstone":8,"minecraft:diorite":53,"chipped:checkered_cobblestone_tiles":22,"minecraft:rotten_flesh":181,"supplementaries:antique_ink":6,"create:asurine":1,"minecraft:obsidian":11,"minecraft:cobblestone":14059,"treasure2:topaz_lock":2,"minecraft:andesite":2887,"minecraft:potato":194,"paraglider:spirit_orb":74,"create:raw_zinc":18,"minecraft:tuff":3,"minecraft:smooth_sandstone_stairs":2,"supplementaries:flax_seeds":4,"minecraft:lapis_lazuli":178,"chipped:small_deepslate_bricks":1,"minecraft:dirt":1028,"securitycraft:sentry":1,"minecraft:leather_boots":2,"minecraft:glass":4,"minecraft:bone":82,"minecraft:bow":5,"minecraft:wheat_seeds":81,"minecraft:raw_gold":38,"minecraft:grindstone":1,"minecraft:mossy_stone_bricks":12,"minecraft:bamboo":44,"minecraft:oak_planks":115,"minecraft:waxed_exposed_copper":6,"minecraft:cooked_porkchop":3,"torchmaster:megatorch":1,"minecraft:sand":1029,"minecraft:grass_block":1,"minecraft:chiseled_sandstone":1,"minecraft:mossy_cobblestone":17,"minecraft:diamond":47,"chipped:stacked_oak_planks":4,"minecraft:emerald":1,"minecraft:oak_sapling":211,"minecraft:netherrack":16,"minecraft:oak_leaves":3,"chipped:whirlwind_oak_planks":39,"chipped:reinforced_oak_log":1,"mcwlights:striped_lantern":40,"minecraft:cocoa_beans":3,"minecraft:waxed_oxidized_cut_copper":1,"minecraft:chicken":2,"spartanweaponry:husk_head":2,"tconstruct:skyroot_log":18,"minecraft:gold_block":1,"chipped:brick_bond_oak_planks":4,"chipped:flat_stone_tiles":4,"minecraft:birch_fence":15,"artifacts:fire_gauntlet":2,"minecraft:blackstone":2,"chipped:tiled_deepslate_column":6,"minecraft:candle":1,"biomesoplenty:black_sand":3,"alexsmobs:elastic_tendon":1,"minecraft:observer":1,"minecraft:light_gray_wool":3,"minecraft:sugar_cane":92,"biomesoplenty:hanging_cobweb":1,"minecraft:dark_oak_sapling":1,"minecraft:raw_iron":434,"chipped:overgrown_oak_log":1,"chipped:flat_cobblestone_tiles":4,"treasure2:spider_lock":1,"spartanweaponry:spider_head":4,"artifacts:snorkel":2,"minecraft:arrow":56,"chipped:weathered_deepslate":4,"minecraft:skeleton_skull":31,"chipped:cut_cobblestone_column":4,"minecraft:basalt":23,"minecraft:leather":14,"minecraft:cut_sandstone":10,"chipped:cut_stone_column":3,"minecraft:birch_planks":1,"minecraft:gunpowder":11,"minecraft:cobblestone_stairs":7,"easy_villagers:converter":1,"minecraft:cooked_mutton":24,"minecraft:iron_ingot":20,"ironchests:key":1,"minecraft:cooked_chicken":7,"minecraft:book":24,"minecraft:oak_slab":12,"chipped:smooth_inlayed_deepslate":4,"minecraft:stone_brick_slab":6,"minecraft:quartz":75,"minecraft:dripstone_block":1,"minecraft:amethyst_shard":94,"mowziesmobs:wrought_helmet":1,"minecraft:blast_furnace":1,"securitycraft:reinforced_iron_block":6,"minecraft:mossy_stone_brick_slab":1,"minecraft:spider_eye":10,"mowziesmobs:naga_fang":1,"ironchests:iron_chest":1,"chipped:etched_deepslate_bricks":8,"minecraft:mossy_cobblestone_stairs":3,"tombstone:magic_scroll":4,"minecraft:black_wool":2,"chipped:pillar_stone_bricks":3,"minecraft:coal":563},"minecraft:custom":{"minecraft:interact_with_crafting_table":176,"minecraft:open_barrel":72,"goblintraders:trade_with_goblin":632,"minecraft:eat_cake_slice":2,"minecraft:leave_game":22,"minecraft:time_since_death":703549,"minecraft:damage_blocked_by_shield":2328,"minecraft:play_time":1041547,"minecraft:deaths":33,"minecraft:jump":17270,"minecraft:enchant_item":8,"minecraft:interact_with_furnace":322,"minecraft:sleep_in_bed":4,"minecraft:waystone_activated":2,"minecraft:damage_dealt":62753,"tombstone:undead_killed":243,"minecraft:interact_with_smithing_table":4,"minecraft:interact_with_anvil":7,"minecraft:damage_dealt_absorbed":227,"minecraft:sneak_time":45596,"minecraft:interact_with_blast_furnace":84,"minecraft:total_world_time":1041547,"tombstone:raider_killed":2,"minecraft:time_since_rest":261256,"minecraft:swim_one_cm":42508,"minecraft:fly_one_cm":3043780,"minecraft:open_chest":288,"minecraft:fall_one_cm":405712,"minecraft:sprint_one_cm":1758088,"minecraft:drop":98,"minecraft:talked_to_villager":8,"minecraft:interact_with_brewingstand":13,"minecraft:walk_on_water_one_cm":74522,"minecraft:player_kills":2,"minecraft:crouch_one_cm":147872,"tombstone:villager_killed":1,"minecraft:mob_kills":417,"minecraft:damage_dealt_resisted":155,"minecraft:climb_one_cm":8441,"minecraft:walk_one_cm":2344299,"tombstone:consume_soul":1,"minecraft:walk_under_water_one_cm":21193,"minecraft:interact_with_grindstone":15,"minecraft:damage_taken":21836,"minecraft:damage_absorbed":300,"minecraft:trigger_trapped_chest":2},"minecraft:killed":{"minecraft:cave_spider":12,"alexsmobs:murmur":1,"tconstruct:sky_slime":9,"minecraft:skeleton":59,"minecraft:chicken":7,"alexsmobs:centipede_head":1,"mowziesmobs:foliaath":2,"minecraft:iron_golem":1,"minecraft:donkey":1,"minecraft:zombie":164,"minecraft:cow":8,"alexsmobs:raccoon":1,"minecraft:vindicator":1,"alexsmobs:seagull":1,"mowziesmobs:ferrous_wroughtnaut":1,"goblintraders:goblin_trader":1,"minecraft:husk":16,"minecraft:enderman":2,"minecraft:witch":1,"minecraft:spider":21,"minecraft:bee":1,"minecraft:silverfish":6,"artifacts:mimic":6,"minecraft:pig":1,"minecraft:zombie_villager":1,"minecraft:creeper":6,"minecraft:sheep":17,"beyond_earth:pygro_brute":1,"minecraft:drowned":2,"alexsmobs:cockroach":1,"minecraft:villager":1},"minecraft:killed_by":{"minecraft:zombie":16,"alexsmobs:centipede_head":1,"minecraft:creeper":6,"minecraft:cave_spider":1,"artifacts:mimic":1,"mowziesmobs:ferrous_wroughtnaut":1,"minecraft:skeleton":6},"minecraft:used":{"chipped:secret_oak_door":1,"ironchests:key":7,"minecraft:chest":4,"minecraft:stone":948,"easy_villagers:converter":1,"handcrafted:spruce_fancy_bed":1,"minecraft:birch_sapling":1,"chipped:flat_stone_tiles":4,"easy_villagers:iron_farm":1,"ironchests:diamond_dolly":16,"ironchests:key_ring":143,"minecraft:bow":1,"modernlife:chainsaw":10,"minecraft:furnace":5,"minecraft:oak_sapling":13,"minecraft:potato":83,"spartanweaponry:iron_greatsword":156,"mowziesmobs:foliaath_seed":2,"ironchests:lock":6,"chipped:whirlwind_oak_planks":39,"minecraft:diorite":4,"ironchests:iron_chest":11,"chipped:checkered_deepslate_tiles":2,"chipped:reinforced_oak_log":1,"minecraft:wooden_pickaxe":17,"cyclic:emerald_axe":20,"chipped:stacked_oak_planks":4,"chipped:pillar_stone_bricks":3,"elevatorid:elevator_white":2,"minecraft:golden_apple":8,"minecraft:sand":3,"minecraft:blast_furnace":1,"securitycraft:universal_block_remover":1,"mcwlights:double_street_lamp":5,"chipped:cut_cobblestone_column":4,"spartanweaponry:diamond_scythe":406,"minecraft:zombie_head":1,"cgm:assault_rifle":19,"minecraft:diamond_sword":6,"chipped:smooth_inlayed_deepslate":4,"sophisticatedstorage:diamond_barrel":1,"chipped:carpenters_table":1,"chipped:etched_deepslate_bricks":8,"minecraft:enchanting_table":1,"minecraft:stone_sword":131,"mcwlights:striped_lantern":43,"minecraft:torch":246,"minecraft:brewing_stand":2,"minecraft:anvil":3,"cyclic:emerald_pickaxe":1164,"minecraft:golden_shovel":32,"chipped:flat_cobblestone_tiles":4,"easy_villagers:trader":2,"chipped:weathered_deepslate":4,"sophisticatedstorage:copper_barrel":1,"mcwlights:bell_wall_lantern":4,"securitycraft:dirt_mine":5,"tombstone:gift":10,"chipped:brick_bond_oak_planks":4,"torchmaster:megatorch":2,"minecraft:cobbled_deepslate":60,"chipped:inlayed_andesite":5,"minecraft:water_bucket":12,"minecraft:birch_planks":13,"easy_villagers:farmer":1,"sophisticatedstorage:limited_iron_barrel_1":1,"ironchests:iron_dolly":14,"minecraft:cracked_stone_bricks":1,"securitycraft:keypad":1,"minecraft:mossy_cobblestone":6,"mcwlights:redstone_lamp_slab":17,"mcwlights:chain_wall_lantern":56,"minecraft:oak_slab":155,"minecraft:crafting_table":7,"minecraft:red_bed":1,"minecraft:birch_sign":1,"mowziesmobs:wrought_axe":388,"minecraft:oak_log":547,"minecraft:diamond_pickaxe":2706,"minecraft:diamond_shovel":779,"minecraft:iron_pickaxe":1887,"mcwlights:yellow_paper_lamp":3,"chipped:small_deepslate_bricks":1,"minecraft:cobblestone":105,"chipped:carved_deepslate":8,"chipped:fine_oak_planks":5,"chipped:checkered_cobblestone_tiles":800,"minecraft:iron_sword":410,"spartanweaponry:diamond_boomerang":1,"minecraft:white_candle":2,"paraglider:goddess_statue":2,"artifacts:umbrella":35,"chipped:rounded_deepslate_bricks":1,"minecraft:jungle_planks":6,"minecraft:carrot":2,"minecraft:tuff":1,"minecraft:obsidian":13,"minecraft:lantern":2,"tombstone:tablet_of_cupidity":1,"minecraft:iron_helmet":1,"minecraft:stone_bricks":1,"chipped:stacked_cobblestone_bricks":2,"minecraft:skeleton_skull":12,"chipped:bordered_deepslate":4,"ironchests:gold_chest":13,"minecraft:stone_pickaxe":32,"minecraft:oak_planks":114,"spartanweaponry:platinum_katana":4,"minecraft:diamond_axe":890,"tombstone:decorative_grave_cross":1,"minecraft:sugar_cane":3,"spartanweaponry:iron_flanged_mace":67,"spartanweaponry:spider_head":2,"minecraft:shears":3,"easy_villagers:villager":5,"minecraft:melon_slice":9,"minecraft:bread":105,"tombstone:grave_key":11,"minecraft:iron_door":1,"minecraft:deepslate":4,"minecraft:gravel":20,"chipped:tiny_andesite_bricks":1381,"chipped:tiled_deepslate_column":6,"minecraft:grindstone":2,"minecraft:andesite":6,"minecraft:smooth_stone_slab":6,"biomesoplenty:mahogany_planks":31,"minecraft:flint_and_steel":65,"chipped:cut_stone_column":3,"beyond_earth:earth_globe":1,"cyclic:emerald_shovel":10,"minecraft:cooked_chicken":6,"cyclic:emerald_sword":31,"minecraft:dirt":303,"cgm:rifle":3,"minecraft:iron_hoe":37,"minecraft:bookshelf":28,"chipped:herringbone_oak_planks":4,"minecraft:oak_stairs":343,"securitycraft:sentry":3,"minecraft:golden_carrot":10,"chipped:overgrown_oak_log":1,"mcwlights:tavern_lantern":3,"minecraft:cooked_beef":23,"chipped:unamused_cobblestone":3,"minecraft:iron_leggings":1,"tombstone:decorative_grave_original":2,"biomesoplenty:black_sand":2,"minecraft:cooked_mutton":15,"beyond_earth:nasa_workbench":1,"minecraft:cobblestone_stairs":2,"minecraft:baked_potato":86,"create:train_door":1,"beyond_earth:pygro_brute_spawn_egg":1,"chipped:mason_table":1,"ironfurnaces:million_furnace":2,"tombstone:bag_of_seeds":3,"minecraft:apple":3,"chipped:massive_deepslate_bricks":831,"minecraft:stone_slab":45,"minecraft:stone_axe":23,"mcwlights:classic_street_lamp":4,"minecraft:bucket":13,"tconstruct:sky_slime_crystal_block":2,"mcwlights:iron_framed_torch":5}},"DataVersion":3120}