{"stats":{"minecraft:dropped":{"minecraft:iron_sword":1,"minecraft:cooked_beef":1,"minecraft:cracked_stone_bricks":2,"minecraft:emerald":1,"minecraft:dirt":13,"minecraft:gold_nugget":4,"minecraft:iron_pickaxe":1,"spartanweaponry:iron_dagger":1,"minecraft:white_wool":3,"minecraft:bone":2,"minecraft:iron_nugget":8,"minecraft:rotten_flesh":8,"easy_villagers:converter":1,"treasure2:ruby":1,"minecraft:iron_ingot":116,"easy_villagers:farmer":1,"minecraft:wheat_seeds":9,"minecraft:dripstone_block":1,"minecraft:iron_helmet":1,"minecraft:cobblestone":3,"artifacts:snorkel":1,"artifacts:digging_claws":1,"minecraft:chicken":1,"minecraft:clay_ball":40,"minecraft:stone_slab":3,"easy_villagers:iron_farm":3,"minecraft:bundle":1,"minecraft:stone_bricks":1,"minecraft:spider_eye":1,"minecraft:sandstone":3,"sophisticatedbackpacks:copper_backpack":1,"artifacts:fire_gauntlet":1,"minecraft:flint":1,"minecraft:gravel":4,"minecraft:pointed_dripstone":8,"minecraft:cooked_mutton":1,"supplementaries:antique_ink":4,"supplementaries:ash":70,"minecraft:basalt":6,"minecraft:arrow":1,"minecraft:bread":1,"minecraft:mossy_cobblestone":1,"minecraft:waxed_exposed_copper":3,"tombstone:magic_scroll":1,"minecraft:torch":1,"tombstone:grave_dust":3,"minecraft:raw_iron":16,"minecraft:light_gray_wool":2,"securitycraft:universal_block_remover":1,"minecraft:oak_sapling":59,"ironchests:key_ring":1,"minecraft:raw_gold":1,"securitycraft:keypad":1},"minecraft:killed_by":{"minecraft:zombie":16,"alexsmobs:centipede_head":1,"minecraft:creeper":6,"minecraft:cave_spider":1,"artifacts:mimic":1,"mowziesmobs:ferrous_wroughtnaut":1,"minecraft:skeleton":6},"minecraft:broken":{"minecraft:iron_boots":1,"minecraft:iron_chestplate":1,"minecraft:iron_leggings":1,"minecraft:diamond_pickaxe":1,"minecraft:stone_sword":1,"minecraft:iron_pickaxe":5,"minecraft:iron_helmet":2,"minecraft:golden_shovel":1,"minecraft:flint_and_steel":1,"modernlife:chainsaw":1},"minecraft:killed":{"minecraft:cave_spider":12,"alexsmobs:murmur":1,"tconstruct:sky_slime":9,"minecraft:skeleton":54,"minecraft:chicken":7,"mowziesmobs:foliaath":1,"minecraft:iron_golem":1,"minecraft:donkey":1,"minecraft:zombie":154,"minecraft:cow":8,"alexsmobs:raccoon":1,"minecraft:vindicator":1,"alexsmobs:seagull":1,"mowziesmobs:ferrous_wroughtnaut":1,"goblintraders:goblin_trader":1,"minecraft:husk":16,"minecraft:enderman":2,"minecraft:witch":1,"minecraft:spider":21,"minecraft:bee":1,"minecraft:silverfish":6,"artifacts:mimic":6,"minecraft:pig":1,"minecraft:zombie_villager":1,"minecraft:creeper":3,"minecraft:sheep":17,"beyond_earth:pygro_brute":1,"minecraft:drowned":2,"alexsmobs:cockroach":1,"minecraft:villager":1},"minecraft:picked_up":{"minecraft:chainmail_boots":1,"minecraft:anvil":2,"minecraft:stone_slab":24,"minecraft:oak_stairs":49,"minecraft:enchanted_book":2,"minecraft:brewing_stand":2,"minecraft:golden_sword":1,"minecraft:amethyst_block":2,"paraglider:goddess_statue":1,"minecraft:string":129,"minecraft:gold_nugget":33,"minecraft:cobbled_deepslate":1671,"minecraft:melon_slice":43,"minecraft:acacia_log":2,"easy_villagers:iron_farm":3,"minecraft:golden_axe":1,"ironchests:key_ring":1,"minecraft:polished_basalt":2,"tconstruct:earth_slime_crystal_block":46,"minecraft:iron_block":2,"supplementaries:ash":94,"minecraft:snowball":32,"minecraft:birch_log":146,"biomesoplenty:lavender":2,"minecraft:magma_block":72,"minecraft:feather":9,"minecraft:cooked_beef":21,"minecraft:iron_door":1,"biomesoplenty:dried_salt":1,"minecraft:jungle_log":2,"spartanweaponry:iron_battleaxe":1,"artifacts:thorn_pendant":1,"alexsmobs:bison_fur":1,"minecraft:flint":14,"spartanweaponry:iron_rapier":1,"chipped:herringbone_oak_planks":4,"tconstruct:sky_slime_sapling":2,"biomesoplenty:mahogany_planks":3,"minecraft:dropper":1,"sophisticatedbackpacks:iron_backpack":1,"minecraft:trapped_chest":1,"minecraft:dark_oak_log":3,"securitycraft:universal_block_remover":1,"minecraft:bundle":5,"minecraft:polished_andesite":7,"minecraft:white_candle":2,"minecraft:dispenser":3,"minecraft:granite":70,"minecraft:bread":21,"minecraft:coarse_dirt":5,"minecraft:crafting_table":3,"minecraft:sandstone_slab":1,"minecraft:clay_ball":112,"minecraft:leather_leggings":1,"treasure2:topaz":1,"minecraft:red_bed":1,"chipped:checkered_deepslate_tiles":2,"minecraft:cracked_stone_bricks":6,"treasure2:ruby":1,"minecraft:beef":3,"minecraft:poppy":1,"minecraft:iron_nugget":16,"minecraft:birch_sapling":37,"minecraft:egg":5,"chipped:rounded_deepslate_bricks":1,"minecraft:sandstone":11,"minecraft:stone":211,"artifacts:charm_of_sinking":1,"farmersdelight:tomato_seeds":3,"minecraft:carrot":2,"minecraft:redstone":11,"minecraft:tnt":9,"tconstruct:sky_slime_ball":109,"minecraft:hay_block":19,"minecraft:sandstone_stairs":1,"minecraft:yellow_terracotta":1,"tombstone:essence_of_undeath":1,"minecraft:gold_ingot":16,"sophisticatedbackpacks:copper_backpack":1,"minecraft:rail":1,"minecraft:white_wool":26,"minecraft:stripped_oak_log":1,"minecraft:tripwire_hook":6,"spartanweaponry:iron_longsword":1,"minecraft:acacia_wood":6,"easy_villagers:farmer":1,"minecraft:oak_log":614,"mowziesmobs:wrought_axe":1,"tconstruct:sky_slime_crystal_block":4,"minecraft:paper":1,"minecraft:apple":13,"minecraft:stone_bricks":15,"minecraft:kelp":34,"alexsmobs:cockroach_wing_fragment":1,"minecraft:cobweb":3,"tombstone:bag_of_seeds":3,"spartanweaponry:iron_dagger":1,"mcwlights:chain_wall_lantern":9,"minecraft:red_wool":1,"minecraft:gravel":139,"spartanweaponry:iron_battle_hammer":1,"biomesoplenty:mahogany_log":7,"minecraft:birch_sign":19,"minecraft:baked_potato":2,"securitycraft:keypad":2,"minecraft:ender_pearl":3,"chipped:fine_oak_planks":5,"minecraft:wheat":17,"artifacts:umbrella":1,"minecraft:stone_brick_stairs":2,"minecraft:gilded_blackstone":51,"minecraft:nether_brick":40,"alexsmobs:gazelle_horn":2,"spartanweaponry:iron_katana":1,"minecraft:raw_copper":55,"chipped:massive_deepslate_bricks":22,"treasure2:onyx_lock":1,"minecraft:smooth_stone_slab":29,"minecraft:zombie_head":17,"minecraft:tnt_minecart":1,"minecraft:calcite":12,"farmersdelight:cabbage_seeds":1,"spartanweaponry:iron_flanged_mace":2,"minecraft:iron_boots":2,"minecraft:furnace":1,"minecraft:tipped_arrow":2,"minecraft:stick":78,"tombstone:decorative_grave_original":1,"minecraft:torch":121,"tombstone:grave_dust":40,"minecraft:pointed_dripstone":8,"minecraft:diorite":8,"chipped:checkered_cobblestone_tiles":13,"minecraft:rotten_flesh":168,"supplementaries:antique_ink":6,"create:asurine":1,"minecraft:obsidian":11,"minecraft:cobblestone":4727,"treasure2:topaz_lock":2,"minecraft:andesite":301,"minecraft:potato":72,"paraglider:spirit_orb":74,"create:raw_zinc":3,"minecraft:tuff":1,"minecraft:smooth_sandstone_stairs":2,"supplementaries:flax_seeds":4,"minecraft:lapis_lazuli":178,"chipped:small_deepslate_bricks":1,"minecraft:dirt":602,"minecraft:glass":4,"minecraft:bone":72,"minecraft:bow":3,"minecraft:wheat_seeds":81,"minecraft:raw_gold":37,"minecraft:grindstone":1,"minecraft:mossy_stone_bricks":12,"minecraft:bamboo":44,"minecraft:oak_planks":110,"minecraft:waxed_exposed_copper":6,"minecraft:cooked_porkchop":3,"minecraft:sand":25,"minecraft:grass_block":1,"minecraft:chiseled_sandstone":1,"minecraft:mossy_cobblestone":12,"minecraft:diamond":40,"chipped:stacked_oak_planks":4,"minecraft:emerald":1,"minecraft:oak_sapling":175,"minecraft:oak_leaves":3,"chipped:whirlwind_oak_planks":39,"chipped:reinforced_oak_log":1,"mcwlights:striped_lantern":40,"minecraft:waxed_oxidized_cut_copper":1,"minecraft:cocoa_beans":3,"minecraft:chicken":2,"spartanweaponry:husk_head":2,"tconstruct:skyroot_log":18,"minecraft:gold_block":1,"chipped:brick_bond_oak_planks":4,"chipped:flat_stone_tiles":3,"minecraft:birch_fence":15,"artifacts:fire_gauntlet":2,"minecraft:blackstone":2,"minecraft:candle":1,"biomesoplenty:black_sand":3,"alexsmobs:elastic_tendon":1,"minecraft:observer":1,"minecraft:light_gray_wool":3,"minecraft:sugar_cane":55,"biomesoplenty:hanging_cobweb":1,"minecraft:dark_oak_sapling":1,"minecraft:raw_iron":321,"chipped:overgrown_oak_log":1,"treasure2:spider_lock":1,"spartanweaponry:spider_head":4,"artifacts:snorkel":2,"minecraft:arrow":52,"chipped:weathered_deepslate":4,"minecraft:skeleton_skull":31,"chipped:cut_cobblestone_column":4,"minecraft:basalt":23,"minecraft:leather":14,"minecraft:cut_sandstone":10,"chipped:cut_stone_column":3,"minecraft:gunpowder":7,"minecraft:cobblestone_stairs":7,"easy_villagers:converter":1,"minecraft:cooked_mutton":24,"minecraft:iron_ingot":20,"ironchests:key":1,"minecraft:cooked_chicken":7,"minecraft:book":21,"minecraft:oak_slab":4,"minecraft:stone_brick_slab":6,"minecraft:dripstone_block":1,"mowziesmobs:wrought_helmet":1,"minecraft:blast_furnace":1,"minecraft:mossy_stone_brick_slab":1,"minecraft:spider_eye":10,"mowziesmobs:naga_fang":1,"ironchests:iron_chest":1,"minecraft:mossy_cobblestone_stairs":3,"tombstone:magic_scroll":4,"minecraft:black_wool":2,"chipped:pillar_stone_bricks":3,"minecraft:coal":356},"minecraft:crafted":{"minecraft:chain":3,"minecraft:bookshelf":28,"paraglider:deku_leaf":1,"minecraft:diamond_helmet":1,"minecraft:diamond_leggings":1,"minecraft:deepslate":0,"ironchests:iron_chest":23,"minecraft:copper_ingot":160,"tombstone:white_marble":12,"minecraft:stone_slab":30,"minecraft:iron_pickaxe":3,"minecraft:gold_ingot":79,"minecraft:golden_carrot":1,"minecraft:iron_nugget":370,"tombstone:strange_tablet":1,"minecraft:bone_meal":21,"ironchests:key_ring":1,"minecraft:stone_pickaxe":1,"minecraft:diamond_boots":1,"ironchests:gold_chest":13,"minecraft:wheat":171,"minecraft:coal_block":1,"chipped:small_deepslate_bricks":1,"chipped:secret_oak_door":1,"minecraft:enchanting_table":1,"mcwlights:chain_lantern":49,"ironfurnaces:upgrade_iron":3,"minecraft:deepslate_tiles":64,"treasure2:pilferers_lock_pick":4,"spartanweaponry:iron_greatsword":1,"minecraft:wooden_axe":1,"minecraft:oak_stairs":136,"minecraft:iron_leggings":2,"minecraft:brick":0,"minecraft:grindstone":2,"ironchests:copper_chest":23,"minecraft:oak_planks":616,"chipped:rounded_deepslate_bricks":1,"minecraft:stone":309,"mcwlights:chain_wall_lantern":49,"minecraft:iron_boots":2,"minecraft:raw_copper":72,"minecraft:chest":32,"minecraft:stone_bricks":4,"minecraft:oak_fence":24,"treasure2:thiefs_lock_pick":24,"chipped:mason_table":1,"ironchests:key":1,"tombstone:decorative_grave_original":1,"treasure2:treasure_tool":1,"minecraft:oak_slab":246,"ironchests:diamond_dolly":1,"spartanweaponry:diamond_scythe":1,"minecraft:crafting_table":6,"chipped:cut_cobblestone_column":4,"minecraft:iron_helmet":2,"minecraft:wooden_pickaxe":1,"minecraft:baked_potato":16,"minecraft:birch_planks":504,"chipped:carpenters_table":1,"minecraft:book":53,"minecraft:iron_chestplate":2,"minecraft:paper":18,"minecraft:diamond_pickaxe":2,"minecraft:stick":92,"minecraft:birch_fence":39,"minecraft:iron_ingot":555,"minecraft:stone_sword":1,"mcwlights:striped_lantern":32,"minecraft:deepslate_bricks":64,"minecraft:shears":1,"minecraft:oak_door":3,"minecraft:coal":24,"biomesoplenty:mahogany_planks":28,"modernlife:chainsaw":1,"minecraft:furnace":1,"minecraft:flint_and_steel":1,"minecraft:polished_deepslate":64,"minecraft:iron_hoe":1,"minecraft:cooked_beef":3,"paraglider:paraglider":1,"elevatorid:elevator_white":2,"spartanweaponry:pole":1,"minecraft:iron_sword":1,"spartanweaponry:handle":1,"minecraft:bucket":2,"minecraft:stone_axe":1,"minecraft:air":0,"minecraft:bread":64,"minecraft:jungle_planks":8,"tombstone:decorative_grave_cross":1,"minecraft:white_wool":4,"minecraft:gold_nugget":18,"chipped:pillar_stone_bricks":3,"minecraft:acacia_planks":32,"minecraft:torch":124,"ironchests:lock":6,"minecraft:diamond_chestplate":1},"minecraft:used":{"chipped:secret_oak_door":1,"ironchests:key":7,"minecraft:chest":3,"minecraft:stone":948,"easy_villagers:converter":1,"handcrafted:spruce_fancy_bed":1,"chipped:flat_stone_tiles":3,"easy_villagers:iron_farm":1,"ironchests:diamond_dolly":16,"ironchests:key_ring":141,"minecraft:bow":1,"modernlife:chainsaw":3,"minecraft:furnace":3,"minecraft:oak_sapling":13,"minecraft:potato":43,"spartanweaponry:iron_greatsword":156,"ironchests:lock":6,"chipped:whirlwind_oak_planks":39,"minecraft:diorite":4,"ironchests:iron_chest":11,"chipped:checkered_deepslate_tiles":2,"chipped:reinforced_oak_log":1,"minecraft:wooden_pickaxe":17,"chipped:stacked_oak_planks":4,"chipped:pillar_stone_bricks":3,"elevatorid:elevator_white":2,"minecraft:golden_apple":8,"minecraft:sand":3,"minecraft:blast_furnace":1,"securitycraft:universal_block_remover":1,"mcwlights:double_street_lamp":5,"chipped:cut_cobblestone_column":4,"spartanweaponry:diamond_scythe":406,"minecraft:zombie_head":1,"cgm:assault_rifle":19,"minecraft:diamond_sword":6,"sophisticatedstorage:diamond_barrel":1,"chipped:carpenters_table":1,"minecraft:enchanting_table":1,"minecraft:stone_sword":131,"mcwlights:striped_lantern":43,"minecraft:torch":167,"minecraft:brewing_stand":2,"minecraft:anvil":2,"minecraft:golden_shovel":32,"easy_villagers:trader":2,"chipped:weathered_deepslate":4,"sophisticatedstorage:copper_barrel":1,"mcwlights:bell_wall_lantern":4,"tombstone:gift":10,"chipped:brick_bond_oak_planks":4,"minecraft:cobbled_deepslate":55,"minecraft:water_bucket":12,"minecraft:birch_planks":13,"easy_villagers:farmer":1,"sophisticatedstorage:limited_iron_barrel_1":1,"ironchests:iron_dolly":14,"minecraft:cracked_stone_bricks":1,"securitycraft:keypad":1,"minecraft:mossy_cobblestone":6,"mcwlights:redstone_lamp_slab":17,"minecraft:oak_slab":85,"mcwlights:chain_wall_lantern":55,"minecraft:crafting_table":5,"minecraft:red_bed":1,"mowziesmobs:wrought_axe":339,"minecraft:oak_log":330,"minecraft:diamond_pickaxe":2152,"minecraft:diamond_shovel":708,"minecraft:iron_pickaxe":1382,"mcwlights:yellow_paper_lamp":3,"chipped:small_deepslate_bricks":1,"minecraft:cobblestone":84,"chipped:checkered_cobblestone_tiles":711,"chipped:fine_oak_planks":5,"minecraft:iron_sword":410,"spartanweaponry:diamond_boomerang":1,"minecraft:white_candle":2,"paraglider:goddess_statue":2,"artifacts:umbrella":35,"chipped:rounded_deepslate_bricks":1,"minecraft:jungle_planks":6,"minecraft:carrot":2,"minecraft:tuff":1,"minecraft:obsidian":1,"tombstone:tablet_of_cupidity":1,"minecraft:iron_helmet":1,"minecraft:stone_bricks":1,"minecraft:skeleton_skull":12,"ironchests:gold_chest":13,"minecraft:stone_pickaxe":32,"minecraft:oak_planks":110,"spartanweaponry:platinum_katana":4,"tombstone:decorative_grave_cross":1,"minecraft:diamond_axe":866,"spartanweaponry:iron_flanged_mace":67,"spartanweaponry:spider_head":2,"minecraft:shears":3,"easy_villagers:villager":5,"minecraft:melon_slice":9,"minecraft:bread":105,"tombstone:grave_key":11,"minecraft:iron_door":1,"minecraft:gravel":19,"minecraft:grindstone":2,"minecraft:andesite":1,"minecraft:smooth_stone_slab":6,"biomesoplenty:mahogany_planks":31,"minecraft:flint_and_steel":64,"chipped:cut_stone_column":3,"beyond_earth:earth_globe":1,"minecraft:cooked_chicken":4,"minecraft:dirt":61,"cgm:rifle":3,"minecraft:iron_hoe":37,"minecraft:bookshelf":28,"minecraft:oak_stairs":179,"chipped:herringbone_oak_planks":4,"minecraft:golden_carrot":10,"chipped:overgrown_oak_log":1,"mcwlights:tavern_lantern":3,"minecraft:cooked_beef":23,"minecraft:iron_leggings":1,"tombstone:decorative_grave_original":2,"biomesoplenty:black_sand":2,"minecraft:cooked_mutton":15,"beyond_earth:nasa_workbench":1,"minecraft:cobblestone_stairs":2,"minecraft:baked_potato":16,"create:train_door":1,"beyond_earth:pygro_brute_spawn_egg":1,"chipped:mason_table":1,"ironfurnaces:million_furnace":2,"tombstone:bag_of_seeds":3,"minecraft:apple":3,"chipped:massive_deepslate_bricks":260,"minecraft:stone_slab":45,"minecraft:stone_axe":23,"mcwlights:classic_street_lamp":4,"minecraft:bucket":13,"tconstruct:sky_slime_crystal_block":2,"mcwlights:iron_framed_torch":5},"minecraft:custom":{"minecraft:interact_with_crafting_table":131,"minecraft:open_barrel":72,"goblintraders:trade_with_goblin":332,"minecraft:eat_cake_slice":2,"minecraft:leave_game":15,"minecraft:time_since_death":440921,"minecraft:damage_blocked_by_shield":2328,"minecraft:play_time":778919,"minecraft:deaths":33,"minecraft:jump":12608,"minecraft:enchant_item":4,"minecraft:interact_with_furnace":239,"minecraft:sleep_in_bed":3,"minecraft:waystone_activated":2,"minecraft:damage_dealt":59546,"tombstone:undead_killed":228,"minecraft:interact_with_smithing_table":4,"minecraft:interact_with_anvil":2,"minecraft:damage_dealt_absorbed":147,"minecraft:sneak_time":27142,"minecraft:interact_with_blast_furnace":69,"minecraft:total_world_time":778919,"tombstone:raider_killed":2,"minecraft:time_since_rest":363529,"minecraft:swim_one_cm":42508,"minecraft:fly_one_cm":2268271,"minecraft:open_chest":253,"minecraft:fall_one_cm":300727,"minecraft:sprint_one_cm":1293624,"minecraft:drop":72,"minecraft:talked_to_villager":8,"minecraft:interact_with_brewingstand":12,"minecraft:walk_on_water_one_cm":74522,"minecraft:player_kills":1,"minecraft:crouch_one_cm":74546,"tombstone:villager_killed":1,"minecraft:mob_kills":395,"minecraft:damage_dealt_resisted":155,"minecraft:climb_one_cm":7974,"minecraft:walk_one_cm":1742351,"tombstone:consume_soul":1,"minecraft:walk_under_water_one_cm":21193,"minecraft:interact_with_grindstone":11,"minecraft:damage_taken":19469,"minecraft:damage_absorbed":300,"minecraft:trigger_trapped_chest":2},"minecraft:mined":{"chipped:cut_stone_column":3,"tconstruct:sky_slime_crystal_block":2,"minecraft:jungle_leaves":2,"minecraft:obsidian":12,"minecraft:granite":20,"minecraft:acacia_log":3,"minecraft:stone_brick_wall":1,"minecraft:jungle_log":2,"biomesoplenty:dried_salt":8,"minecraft:spawner":36,"minecraft:tall_seagrass":8,"minecraft:magma_block":88,"minecraft:mossy_cobblestone_stairs":3,"minecraft:cobbled_deepslate":5,"minecraft:fire":1,"biomesoplenty:lavender":1,"minecraft:pumpkin":2,"chipped:cut_cobblestone_column":4,"minecraft:deepslate_lapis_ore":27,"biomesoplenty:glowshroom_block":1,"minecraft:oak_stairs":49,"minecraft:small_amethyst_bud":1,"biomesoplenty:webbing":15,"minecraft:smooth_sandstone_stairs":2,"minecraft:waxed_exposed_copper":3,"minecraft:tripwire":10,"minecraft:sandstone_slab":1,"minecraft:cut_sandstone":10,"minecraft:red_bed":1,"minecraft:kelp_plant":11,"minecraft:torch":31,"minecraft:blast_furnace":1,"minecraft:polished_andesite_stairs":1,"minecraft:melon":12,"chipped:overgrown_oak_log":1,"minecraft:dead_bush":1,"easy_villagers:farmer":1,"minecraft:white_candle":1,"minecraft:sugar_cane":27,"minecraft:amethyst_block":21,"minecraft:skeleton_skull":1,"chipped:pillar_stone_bricks":3,"biomesoplenty:glowworm_silk_strand":1,"minecraft:wheat":27,"minecraft:potted_poppy":1,"minecraft:stone_brick_stairs":3,"minecraft:grass":36,"minecraft:sandstone_wall":1,"minecraft:zombie_wall_head":1,"minecraft:red_mushroom_block":2,"minecraft:deepslate":89,"create:zinc_ore":3,"minecraft:yellow_terracotta":2,"minecraft:mossy_cobblestone":15,"minecraft:dark_oak_log":3,"minecraft:redstone_wire":1,"minecraft:kelp":1,"chipped:whirlwind_oak_planks":39,"treasure2:deepslate_topaz_ore":1,"minecraft:waxed_oxidized_cut_copper":1,"minecraft:snow":4,"minecraft:acacia_wood":6,"minecraft:andesite":13,"minecraft:mossy_stone_brick_stairs":1,"minecraft:potatoes":21,"minecraft:vine":5,"chipped:weathered_deepslate":4,"minecraft:bamboo":4,"chipped:checkered_cobblestone_tiles":13,"minecraft:white_wool":13,"supplementaries:wall_lantern":25,"minecraft:oak_slab":3,"minecraft:stone_brick_slab":6,"minecraft:observer":1,"biomesoplenty:black_sand":3,"minecraft:smooth_sandstone":1,"chipped:flat_stone_tiles":3,"minecraft:dropper":1,"biomesoplenty:mahogany_planks":3,"minecraft:tall_grass":2,"minecraft:copper_ore":6,"minecraft:deepslate_gold_ore":22,"minecraft:diorite":9,"chipped:massive_deepslate_bricks":22,"tconstruct:sky_slime_leaves":2,"chipped:herringbone_oak_planks":4,"minecraft:coarse_dirt":5,"minecraft:birch_leaves":4,"minecraft:gravel":134,"minecraft:dripstone_block":3,"biomesoplenty:stringy_cobweb":2,"minecraft:cobweb":88,"minecraft:stone_bricks":9,"minecraft:gold_ore":5,"minecraft:fern":46,"tconstruct:sky_congealed_slime":29,"mcwlights:chain_wall_lantern":9,"minecraft:oak_sapling":5,"tombstone:decorative_grave_original":1,"minecraft:mossy_stone_brick_slab":2,"minecraft:cobblestone_stairs":8,"minecraft:brewing_stand":2,"minecraft:budding_amethyst":6,"minecraft:grass_block":371,"minecraft:infested_cobblestone":9,"biomesoplenty:flowering_oak_leaves":4,"chipped:checkered_deepslate_tiles":2,"minecraft:gilded_blackstone":64,"minecraft:sandstone_stairs":1,"chipped:reinforced_oak_log":1,"minecraft:mossy_cobblestone_slab":2,"supplementaries:ash":21,"minecraft:iron_ore":173,"minecraft:anvil":2,"biomesoplenty:hanging_cobweb":5,"minecraft:skeleton_wall_skull":12,"minecraft:pointed_dripstone":7,"minecraft:iron_bars":2,"chipped:rounded_deepslate_bricks":1,"minecraft:deepslate_redstone_ore":2,"minecraft:blackstone":2,"minecraft:medium_amethyst_bud":1,"biomesoplenty:hanging_cobweb_strand":3,"minecraft:clay":26,"minecraft:calcite":9,"tconstruct:small_earth_slime_crystal_bud":2,"minecraft:mushroom_stem":1,"minecraft:cobblestone":90,"minecraft:grindstone":1,"minecraft:oak_planks":111,"minecraft:wall_torch":70,"minecraft:iron_door":1,"tconstruct:large_earth_slime_crystal_bud":1,"minecraft:seagrass":8,"minecraft:birch_log":36,"mcwlights:striped_lantern":14,"minecraft:tnt":9,"minecraft:smooth_stone_slab":33,"minecraft:oak_log":370,"easy_villagers:converter":1,"minecraft:sand":31,"minecraft:dirt":257,"minecraft:waxed_exposed_cut_copper_slab":2,"spartanweaponry:spider_wall_head":2,"minecraft:tripwire_hook":6,"minecraft:dispenser":3,"minecraft:netherrack":48,"minecraft:oak_leaves":152,"minecraft:tuff":6,"minecraft:dark_oak_leaves":4,"minecraft:deepslate_diamond_ore":40,"minecraft:glow_lichen":3,"tconstruct:medium_earth_slime_crystal_bud":1,"tconstruct:earth_slime_crystal_block":46,"chipped:fine_oak_planks":5,"chipped:brick_bond_oak_planks":4,"chipped:stacked_oak_planks":4,"minecraft:sandstone":18,"minecraft:hay_block":19,"easy_villagers:iron_farm":1,"minecraft:polished_basalt":2,"minecraft:chiseled_sandstone":2,"tconstruct:budding_earth_slime_crystal":5,"minecraft:gold_block":1,"minecraft:bookshelf":7,"minecraft:deepslate_iron_ore":96,"minecraft:stripped_oak_log":1,"minecraft:stone":1966,"minecraft:snow_block":7,"chipped:small_deepslate_bricks":1,"minecraft:basalt":20,"minecraft:crafting_table":3,"ironchests:iron_chest":1,"minecraft:stone_slab":22,"biomesoplenty:sprout":11,"minecraft:lapis_ore":1,"supplementaries:urn":10,"biomesoplenty:mahogany_log":7,"minecraft:redstone_torch":1,"tconstruct:skyroot_log":2,"minecraft:yellow_bed":1,"minecraft:coal_ore":232,"minecraft:cocoa":1,"minecraft:cracked_stone_bricks":4,"minecraft:polished_andesite":6,"minecraft:mossy_stone_bricks":11,"paraglider:goddess_statue":1}},"DataVersion":3120}