{"stats":{"minecraft:killed":{"minecraft:spider":1,"minecraft:iron_golem":1,"minecraft:skeleton":1,"minecraft:zombie":2,"minecraft:bee":1,"minecraft:chicken":1,"beyond_earth:pygro_brute":1,"minecraft:cow":3},"minecraft:picked_up":{"minecraft:crafting_table":1,"minecraft:wheat":9,"minecraft:feather":2,"minecraft:chicken":2,"minecraft:leather":2,"minecraft:acacia_wood":6,"easy_villagers:farmer":1,"minecraft:oak_log":12,"alexsmobs:gazelle_horn":1,"minecraft:string":1,"minecraft:dirt":13,"easy_villagers:converter":1,"minecraft:bone":2,"minecraft:bow":1,"minecraft:wheat_seeds":29,"minecraft:beef":3,"minecraft:iron_ingot":3,"minecraft:melon_slice":29,"minecraft:egg":1,"minecraft:torch":4,"easy_villagers:iron_farm":3,"tombstone:grave_dust":2,"minecraft:hay_block":19,"minecraft:coal":13,"minecraft:cobblestone":19},"minecraft:used":{"beyond_earth:nasa_workbench":1,"minecraft:stone_sword":47,"minecraft:stone_pickaxe":31,"spartanweaponry:platinum_katana":4,"easy_villagers:farmer":1,"minecraft:chest":2,"minecraft:wooden_pickaxe":17,"beyond_earth:earth_globe":1,"minecraft:torch":12,"minecraft:dirt":10,"mcwlights:redstone_lamp_slab":17,"beyond_earth:pygro_brute_spawn_egg":1,"minecraft:crafting_table":2,"mcwlights:double_street_lamp":5,"easy_villagers:converter":1,"ironfurnaces:million_furnace":2,"easy_villagers:villager":5,"handcrafted:spruce_fancy_bed":1,"minecraft:bread":6,"easy_villagers:trader":1,"easy_villagers:iron_farm":1,"cgm:assault_rifle":19,"minecraft:stone_axe":23,"minecraft:diamond_sword":6,"mcwlights:bell_wall_lantern":4,"minecraft:cobblestone":3,"mcwlights:tavern_lantern":3,"sophisticatedstorage:diamond_barrel":1,"tombstone:gift":1,"mcwlights:iron_framed_torch":5},"minecraft:custom":{"minecraft:interact_with_furnace":1,"minecraft:mob_kills":11,"minecraft:interact_with_crafting_table":9,"minecraft:open_barrel":2,"minecraft:leave_game":3,"minecraft:time_since_death":38333,"minecraft:time_since_rest":38333,"minecraft:sprint_one_cm":46074,"minecraft:damage_taken":385,"minecraft:walk_one_cm":50975,"minecraft:drop":7,"minecraft:damage_dealt":2589,"minecraft:swim_one_cm":1176,"minecraft:talked_to_villager":7,"minecraft:fly_one_cm":87297,"minecraft:open_chest":11,"minecraft:crouch_one_cm":2933,"minecraft:play_time":38333,"tombstone:undead_killed":3,"minecraft:sneak_time":1350,"minecraft:walk_under_water_one_cm":3202,"minecraft:jump":418,"minecraft:walk_on_water_one_cm":3123,"minecraft:total_world_time":38333,"minecraft:fall_one_cm":12254},"minecraft:dropped":{"easy_villagers:farmer":1,"minecraft:chicken":1,"easy_villagers:iron_farm":3,"easy_villagers:converter":1,"tombstone:grave_dust":1},"minecraft:mined":{"minecraft:crafting_table":1,"minecraft:torch":2,"minecraft:grass_block":4,"minecraft:melon":8,"easy_villagers:farmer":1,"minecraft:wall_torch":2,"minecraft:hay_block":19,"easy_villagers:iron_farm":1,"minecraft:wheat":9,"minecraft:acacia_wood":6,"minecraft:grass":5,"minecraft:oak_log":12,"minecraft:coal_ore":15,"easy_villagers:converter":1,"minecraft:dirt":9,"minecraft:stone":19},"minecraft:crafted":{"minecraft:oak_planks":44,"minecraft:crafting_table":1,"minecraft:wooden_pickaxe":1,"minecraft:stone_axe":1,"minecraft:stick":8,"minecraft:stone_pickaxe":1,"minecraft:stone_sword":1,"minecraft:chest":2,"minecraft:acacia_planks":20,"minecraft:torch":8}},"DataVersion":3120}