{"stats":{"minecraft:mined":{"minecraft:iron_ore":8,"minecraft:birch_leaves":1,"minecraft:torch":3,"minecraft:crafting_table":1,"minecraft:grass":28,"minecraft:coal_ore":20,"minecraft:grass_block":19,"minecraft:oak_log":28,"minecraft:vine":3,"minecraft:jungle_log":7,"minecraft:dirt":10,"minecraft:tall_grass":3,"minecraft:stone":14,"minecraft:wall_torch":1,"minecraft:oak_leaves":9,"minecraft:fern":7},"minecraft:used":{"minecraft:stone_pickaxe":68,"minecraft:baked_potato":11,"artifacts:eternal_steak":1,"minecraft:iron_sword":48,"minecraft:torch":1,"minecraft:stone_axe":1,"minecraft:crafting_table":2,"minecraft:jungle_planks":1,"alexsmobs:animal_dictionary":1,"minecraft:cooked_beef":3},"minecraft:picked_up":{"minecraft:magma_block":1,"minecraft:raw_iron":8,"minecraft:crafting_table":1,"artifacts:eternal_steak":1,"minecraft:jungle_log":7,"minecraft:leather":1,"minecraft:torch":3,"minecraft:porkchop":1,"minecraft:nether_brick":3,"minecraft:oak_log":28,"minecraft:string":2,"minecraft:dirt":27,"minecraft:wheat_seeds":4,"minecraft:beef":3,"minecraft:baked_potato":15,"minecraft:coal":19,"minecraft:black_wool":1,"minecraft:mutton":8,"minecraft:white_wool":5,"minecraft:iron_sword":2,"minecraft:cobblestone":13},"minecraft:dropped":{"minecraft:dirt":8,"minecraft:iron_sword":1,"minecraft:wheat_seeds":3,"artifacts:eternal_steak":1,"minecraft:leather":1},"minecraft:killed":{"minecraft:sheep":6,"minecraft:zombie":1,"minecraft:pig":1,"alexsmobs:terrapin":1,"minecraft:spider":1,"alexsmobs:raccoon":2,"minecraft:cow":1},"minecraft:custom":{"minecraft:time_since_rest":10796,"minecraft:interact_with_furnace":3,"minecraft:sprint_one_cm":216941,"minecraft:damage_taken":1125,"minecraft:walk_one_cm":121411,"minecraft:mob_kills":13,"minecraft:drop":14,"minecraft:damage_dealt":1447,"minecraft:swim_one_cm":30433,"minecraft:interact_with_crafting_table":4,"minecraft:fly_one_cm":130547,"minecraft:open_chest":8,"minecraft:crouch_one_cm":1508,"minecraft:play_time":43378,"tombstone:undead_killed":1,"minecraft:deaths":1,"minecraft:sneak_time":214,"minecraft:walk_under_water_one_cm":12789,"minecraft:jump":1094,"minecraft:leave_game":1,"minecraft:walk_on_water_one_cm":19790,"minecraft:time_since_death":13195,"minecraft:climb_one_cm":190,"minecraft:total_world_time":43378,"minecraft:fall_one_cm":19508},"minecraft:crafted":{"minecraft:cooked_beef":3,"minecraft:crafting_table":2,"minecraft:stick":16,"minecraft:stone_pickaxe":3,"minecraft:stone_sword":1,"minecraft:stone_axe":1,"minecraft:jungle_planks":28}},"DataVersion":3120}