{"stats":{"minecraft:dropped":{"minecraft:bread":20,"minecraft:wheat_seeds":140,"minecraft:cobblestone":1,"minecraft:amethyst_block":11,"farmersdelight:rice":2,"artifacts:snorkel":1,"minecraft:diorite":3,"tombstone:grave_dust":2,"minecraft:iron_leggings":3,"minecraft:bone":2,"minecraft:gravel":2,"minecraft:kelp":6,"treasure2:topaz":1,"minecraft:cobbled_deepslate":5,"minecraft:raw_iron":108,"securitycraft:universal_block_remover":1,"supplementaries:flax_seeds":4,"supplementaries:ash":6,"minecraft:iron_chestplate":2,"minecraft:melon_seeds":3,"ironchests:key_ring":1,"minecraft:spider_eye":1,"minecraft:arrow":2,"minecraft:powered_rail":1,"minecraft:stone_pickaxe":1,"minecraft:calcite":2,"ironchests:key":1},"minecraft:killed_by":{"minecraft:player":1,"minecraft:creeper":2,"minecraft:skeleton":1,"artifacts:mimic":1,"minecraft:zombie":4},"minecraft:broken":{"minecraft:stone_sword":1,"minecraft:iron_boots":1,"minecraft:wooden_pickaxe":1,"minecraft:stone_pickaxe":1,"minecraft:iron_pickaxe":1},"minecraft:killed":{"minecraft:spider":3,"alexsmobs:murmur":1,"tconstruct:sky_slime":2,"minecraft:skeleton":10,"artifacts:mimic":1,"minecraft:creeper":1,"minecraft:sheep":1,"minecraft:zombie":6,"minecraft:glow_squid":2,"minecraft:cow":2},"minecraft:picked_up":{"minecraft:crafting_table":8,"minecraft:iron_chestplate":2,"minecraft:wheat":310,"securitycraft:keypad_item":1,"minecraft:chest_minecart":1,"minecraft:smithing_table":1,"treasure2:topaz":1,"minecraft:enchanted_book":4,"minecraft:amethyst_block":12,"minecraft:oak_trapdoor":2,"minecraft:string":2,"minecraft:raw_copper":19,"minecraft:iron_leggings":3,"minecraft:zombie_head":1,"minecraft:cracked_stone_bricks":1,"minecraft:cartography_table":1,"minecraft:cobbled_deepslate":28,"minecraft:spruce_planks":4,"minecraft:beef":6,"minecraft:poppy":8,"alexsmobs:elastic_tendon":2,"minecraft:calcite":2,"minecraft:iron_nugget":30,"farmersdelight:cabbage_seeds":3,"minecraft:chest":3,"minecraft:melon_slice":160,"minecraft:sugar_cane":42,"supplementaries:rope":15,"minecraft:iron_boots":1,"minecraft:raw_copper_block":1,"minecraft:furnace":4,"minecraft:stick":1,"minecraft:raw_iron":112,"minecraft:oak_door":1,"minecraft:torch":6,"tombstone:grave_dust":1,"minecraft:diorite":13,"minecraft:redstone":111,"artifacts:snorkel":1,"minecraft:orange_bed":2,"tconstruct:sky_slime_ball":2,"minecraft:arrow":17,"minecraft:rotten_flesh":8,"ironchests:key_ring":1,"minecraft:diamond_boots":2,"farmersdelight:rope":10,"sophisticatedbackpacks:copper_backpack":1,"supplementaries:ash":8,"minecraft:skeleton_skull":1,"minecraft:glow_berries":5,"minecraft:mutton":1,"minecraft:white_wool":1,"minecraft:cobblestone":273,"farmersdelight:rice":2,"minecraft:iron_door":1,"minecraft:glow_ink_sac":4,"minecraft:andesite":6,"minecraft:leather":1,"minecraft:potato":123,"minecraft:tuff":2,"create:raw_zinc":20,"minecraft:oak_log":109,"supplementaries:flax_seeds":7,"farmersdelight:skillet":1,"minecraft:lapis_lazuli":15,"minecraft:dirt":19,"artifacts:flippers":1,"tombstone:gift":1,"minecraft:bone":35,"minecraft:apple":1,"minecraft:kelp":6,"minecraft:wheat_seeds":950,"minecraft:raw_gold":26,"minecraft:iron_ingot":116,"minecraft:powered_rail":1,"minecraft:poisonous_potato":1,"minecraft:dandelion":7,"minecraft:gravel":1,"minecraft:amethyst_shard":2,"minecraft:sand":213,"minecraft:spider_eye":1,"securitycraft:universal_block_remover":1,"minecraft:bundle":1,"minecraft:diamond":5,"minecraft:granite":1,"minecraft:bread":4,"minecraft:emerald":29,"securitycraft:keypad":2,"minecraft:oak_sapling":3,"minecraft:melon_seeds":13,"minecraft:coal":55},"minecraft:crafted":{"minecraft:oak_door":3,"ironchests:copper_chest":1,"minecraft:oak_planks":180,"minecraft:iron_nugget":9,"minecraft:chain":3,"minecraft:stone_button":8,"minecraft:stone":8,"minecraft:bone_meal":15,"securitycraft:keypad_item":1,"securitycraft:keypad_frame":1,"minecraft:heavy_weighted_pressure_plate":1,"minecraft:cooked_mutton":1,"minecraft:oak_trapdoor":2,"minecraft:glass":63,"ironchests:key_ring":1,"minecraft:raw_copper":9,"minecraft:iron_axe":1,"securitycraft:universal_block_remover":1,"minecraft:stone_pickaxe":2,"minecraft:chest":3,"minecraft:iron_door":3,"ironchests:key":1,"minecraft:red_dye":8,"minecraft:crafting_table":2,"minecraft:wooden_pickaxe":1,"minecraft:iron_helmet":1,"minecraft:iron_sword":1,"ironchests:iron_chest":1,"minecraft:copper_ingot":31,"minecraft:bucket":1,"minecraft:yellow_stained_glass":48,"minecraft:bread":103,"minecraft:air":0,"minecraft:iron_chestplate":1,"minecraft:yellow_dye":7,"minecraft:gold_nugget":9,"minecraft:shield":1,"minecraft:stick":24,"minecraft:iron_ingot":3,"minecraft:iron_pickaxe":2,"minecraft:stone_sword":1,"minecraft:iron_leggings":1,"minecraft:iron_shovel":1,"minecraft:gold_ingot":12,"ironchests:lock":1,"minecraft:shears":1},"minecraft:used":{"minecraft:oak_trapdoor":2,"ironchests:key":2,"minecraft:stone_sword":130,"minecraft:iron_shovel":214,"minecraft:chest":4,"minecraft:shield":56,"minecraft:rotten_flesh":2,"minecraft:oak_door":1,"minecraft:orange_bed":2,"minecraft:torch":21,"minecraft:dirt":2,"securitycraft:keypad_item":2,"minecraft:iron_axe":140,"ironchests:key_ring":15,"minecraft:furnace":4,"minecraft:oak_sapling":3,"tombstone:gift":4,"minecraft:potato":36,"minecraft:cobbled_deepslate":10,"ironchests:lock":1,"minecraft:wheat_seeds":403,"minecraft:cooked_mutton":1,"minecraft:water_bucket":10,"minecraft:diorite":10,"minecraft:amethyst_block":1,"ironchests:iron_chest":1,"minecraft:stone_pickaxe":127,"minecraft:oak_planks":1,"minecraft:wooden_pickaxe":59,"securitycraft:keypad_frame":1,"minecraft:sugar_cane":6,"minecraft:cracked_stone_bricks":1,"securitycraft:keypad":2,"minecraft:crafting_table":9,"securitycraft:universal_block_remover":2,"minecraft:bread":29,"minecraft:iron_pickaxe":344,"minecraft:melon_slice":5,"minecraft:iron_door":2,"minecraft:enchanted_book":2,"minecraft:cobblestone":32,"minecraft:smithing_table":1,"minecraft:bucket":11,"minecraft:andesite":6,"alexsmobs:animal_dictionary":1,"minecraft:bone_meal":6},"minecraft:custom":{"minecraft:mob_kills":30,"minecraft:interact_with_crafting_table":51,"minecraft:open_barrel":3,"minecraft:leave_game":4,"minecraft:time_since_death":43704,"minecraft:climb_one_cm":3889,"minecraft:sprint_one_cm":359012,"minecraft:walk_one_cm":474503,"minecraft:damage_blocked_by_shield":1163,"minecraft:drop":94,"minecraft:play_time":177143,"minecraft:deaths":10,"minecraft:sneak_time":12280,"minecraft:walk_under_water_one_cm":68044,"minecraft:jump":1662,"minecraft:walk_on_water_one_cm":45847,"minecraft:total_world_time":177143,"minecraft:interact_with_furnace":42,"spartanshields:shield_bash_hits":4,"minecraft:interact_with_grindstone":3,"minecraft:sleep_in_bed":3,"minecraft:time_since_rest":43422,"minecraft:damage_taken":4155,"minecraft:damage_dealt":5535,"minecraft:swim_one_cm":174733,"minecraft:fly_one_cm":264041,"minecraft:open_chest":105,"minecraft:crouch_one_cm":27745,"tombstone:undead_killed":17,"minecraft:fall_one_cm":43003},"minecraft:mined":{"create:deepslate_zinc_ore":20,"minecraft:tuff":2,"minecraft:spruce_planks":4,"minecraft:attached_melon_stem":2,"minecraft:deepslate_diamond_ore":4,"minecraft:oak_door":1,"minecraft:granite":1,"minecraft:grass_block":4,"minecraft:spruce_leaves":8,"minecraft:cartography_table":1,"treasure2:deepslate_topaz_ore":1,"minecraft:oak_trapdoor":2,"minecraft:furnace":4,"minecraft:iron_ore":29,"minecraft:andesite":6,"minecraft:potatoes":34,"minecraft:dirt_path":2,"minecraft:deepslate_iron_ore":14,"minecraft:small_amethyst_bud":1,"minecraft:stone":281,"minecraft:orange_bed":2,"minecraft:smithing_table":1,"minecraft:deepslate_redstone_ore":25,"supplementaries:book_pile":2,"minecraft:melon_stem":10,"minecraft:medium_amethyst_bud":1,"minecraft:dandelion":7,"minecraft:crafting_table":8,"minecraft:torch":5,"minecraft:poppy":8,"minecraft:melon":31,"minecraft:chest":3,"minecraft:tall_grass":19,"minecraft:copper_ore":8,"minecraft:cobblestone":17,"minecraft:deepslate_gold_ore":29,"minecraft:lapis_ore":3,"minecraft:sugar_cane":28,"minecraft:diorite":13,"minecraft:iron_door":1,"minecraft:skeleton_skull":1,"supplementaries:urn":14,"minecraft:wheat":356,"minecraft:grass":123,"minecraft:coal_ore":22,"minecraft:oak_log":109,"minecraft:zombie_head":1,"minecraft:sand":213,"minecraft:dirt":13,"minecraft:raw_copper_block":1,"minecraft:gold_ore":1,"minecraft:oak_leaves":12,"minecraft:deepslate":22}},"DataVersion":3120}