{"stats":{"minecraft:picked_up":{"minecraft:iron_chestplate":2,"minecraft:wheat":320,"securitycraft:keypad_item":1,"minecraft:smithing_table":1,"minecraft:enchanted_book":6,"minecraft:amethyst_block":12,"minecraft:music_disc_cat":2,"minecraft:string":20,"minecraft:raw_copper":109,"minecraft:iron_leggings":3,"minecraft:zombie_head":3,"minecraft:cobbled_deepslate":108,"minecraft:bucket":2,"minecraft:spruce_planks":4,"artifacts:aqua_dashers":2,"minecraft:red_dye":16,"minecraft:calcite":2,"minecraft:iron_pickaxe":1,"minecraft:melon_slice":444,"farmersdelight:cabbage_seeds":9,"minecraft:iron_boots":1,"minecraft:furnace":5,"minecraft:stick":32,"minecraft:torch":12,"tombstone:grave_dust":1,"minecraft:diorite":23,"chipped:offset_cobblestone_bricks":1,"alexsmobs:centipede_leg":6,"minecraft:orange_bed":2,"chipped:rounded_cobblestone_bricks":6,"minecraft:rotten_flesh":23,"ironchests:key_ring":1,"chipped:crated_oak_planks":2,"farmersdelight:rope":38,"supplementaries:ash":15,"minecraft:cobblestone":504,"minecraft:magma_block":5,"chipped:oak_planks_panel":3,"farmersdelight:rice":2,"minecraft:iron_door":5,"minecraft:water_bucket":1,"minecraft:andesite":16,"chipped:sanded_cobblestone":3,"minecraft:smoker":2,"minecraft:potato":241,"minecraft:tuff":12,"create:raw_zinc":52,"supplementaries:flax_seeds":10,"minecraft:lapis_lazuli":81,"minecraft:dirt":1219,"artifacts:flippers":1,"minecraft:glass":30,"minecraft:bone":93,"minecraft:wheat_seeds":1337,"chipped:vertical_cut_cobblestone":1,"minecraft:raw_gold":53,"chipped:etched_cobblestone_bricks":1,"minecraft:powered_rail":1,"tconstruct:sky_slime_sapling":2,"minecraft:oak_planks":212,"minecraft:poisonous_potato":2,"chipped:stacked_cobblestone_bricks":368,"minecraft:sand":512,"chipped:tiny_andesite_bricks":1,"alexsmobs:animal_dictionary":1,"securitycraft:universal_block_remover":1,"minecraft:bundle":2,"minecraft:diamond":22,"chipped:eroded_cobblestone":1,"minecraft:granite":32,"treasure2:sapphire":2,"minecraft:bone_meal":18,"minecraft:bread":4,"minecraft:emerald":58,"minecraft:oak_sapling":35,"chipped:whirlwind_oak_planks":7,"minecraft:diamond_pickaxe":2,"minecraft:crafting_table":10,"minecraft:chest_minecart":2,"minecraft:golden_pickaxe":1,"treasure2:topaz":1,"tconstruct:materials_and_you":1,"chipped:cornered_oak_planks":3,"minecraft:oak_trapdoor":4,"minecraft:iron_shovel":1,"minecraft:cracked_stone_bricks":1,"minecraft:cartography_table":2,"minecraft:beef":18,"alexsmobs:elastic_tendon":4,"minecraft:iron_nugget":40,"minecraft:poppy":8,"minecraft:sugar_cane":180,"supplementaries:rope":30,"minecraft:chest":7,"minecraft:birch_sapling":1,"minecraft:raw_copper_block":1,"minecraft:raw_iron":119,"minecraft:oak_door":5,"minecraft:copper_ingot":23,"modernlife:chainsaw":1,"minecraft:redstone":235,"minecraft:iron_horse_armor":2,"artifacts:snorkel":1,"tconstruct:sky_slime_ball":4,"minecraft:arrow":47,"minecraft:diamond_boots":3,"minecraft:saddle":4,"sophisticatedbackpacks:copper_backpack":1,"minecraft:glow_berries":10,"minecraft:mutton":1,"minecraft:skeleton_skull":3,"minecraft:white_wool":2,"minecraft:glow_ink_sac":8,"minecraft:salmon":16,"minecraft:leather":3,"minecraft:yellow_dye":2,"ironchests:copper_chest":1,"minecraft:oak_log":305,"minecraft:gunpowder":17,"farmersdelight:skillet":2,"tombstone:gift":1,"minecraft:apple":7,"minecraft:kelp":6,"minecraft:yellow_stained_glass":96,"minecraft:iron_ingot":157,"chipped:smooth_oak_planks":2,"minecraft:dandelion":7,"minecraft:gravel":6,"minecraft:amethyst_shard":4,"minecraft:spider_eye":1,"ironchests:iron_chest":1,"ironchests:gold_chest":6,"securitycraft:keypad":2,"tombstone:magic_scroll":1,"minecraft:melon_seeds":33,"minecraft:coal":66},"minecraft:used":{"chipped:sanded_cobblestone":3,"ironchests:key":2,"minecraft:iron_shovel":1353,"minecraft:chest":4,"minecraft:shield":91,"minecraft:iron_sword":113,"minecraft:rotten_flesh":2,"securitycraft:keypad_item":2,"chipped:crated_oak_planks":2,"minecraft:tuff":8,"ironchests:key_ring":61,"minecraft:magma_block":4,"modernlife:chainsaw":4,"minecraft:furnace":4,"minecraft:oak_sapling":35,"chipped:stacked_cobblestone_bricks":1283,"ironchests:copper_chest":1,"minecraft:potato":36,"ironchests:lock":3,"chipped:whirlwind_oak_planks":7,"ironchests:gold_chest":10,"minecraft:diorite":10,"ironchests:iron_chest":1,"minecraft:stone_pickaxe":127,"minecraft:oak_planks":428,"minecraft:wooden_pickaxe":59,"securitycraft:keypad_frame":1,"minecraft:sugar_cane":6,"securitycraft:universal_block_remover":2,"minecraft:bread":72,"minecraft:melon_slice":5,"minecraft:iron_door":2,"chipped:rounded_cobblestone_bricks":6,"minecraft:smithing_table":1,"chipped:offset_cobblestone_bricks":1,"minecraft:andesite":6,"minecraft:bone_meal":6,"minecraft:golden_pickaxe":40,"minecraft:oak_trapdoor":2,"minecraft:stone_sword":130,"chipped:oak_planks_panel":3,"minecraft:oak_door":1,"minecraft:orange_bed":2,"minecraft:torch":42,"minecraft:dirt":433,"chipped:etched_cobblestone_bricks":1,"chipped:eroded_cobblestone":1,"minecraft:iron_axe":254,"minecraft:oak_stairs":12,"chipped:smooth_oak_planks":2,"tombstone:gift":6,"minecraft:cobbled_deepslate":38,"minecraft:wheat_seeds":403,"minecraft:cooked_mutton":1,"minecraft:water_bucket":23,"chipped:cornered_oak_planks":3,"minecraft:amethyst_block":1,"minecraft:cracked_stone_bricks":1,"securitycraft:keypad":2,"minecraft:crafting_table":10,"chipped:vertical_cut_cobblestone":1,"minecraft:iron_pickaxe":898,"minecraft:enchanted_book":2,"minecraft:cobblestone":41,"minecraft:bucket":24,"alexsmobs:animal_dictionary":1},"minecraft:broken":{"minecraft:iron_shovel":5,"minecraft:iron_boots":1,"minecraft:iron_chestplate":1,"minecraft:iron_leggings":1,"minecraft:stone_pickaxe":1,"minecraft:stone_sword":1,"minecraft:wooden_pickaxe":1,"minecraft:shield":1,"minecraft:iron_axe":1,"minecraft:iron_pickaxe":3,"minecraft:iron_helmet":1,"minecraft:golden_pickaxe":1},"minecraft:crafted":{"ironchests:copper_chest":4,"minecraft:oak_planks":708,"minecraft:chain":3,"minecraft:stone":8,"securitycraft:keypad_item":1,"minecraft:heavy_weighted_pressure_plate":1,"minecraft:cooked_mutton":1,"chipped:stacked_cobblestone_bricks":2,"minecraft:glass":63,"chipped:offset_cobblestone_bricks":1,"minecraft:raw_copper":9,"minecraft:chest":3,"minecraft:iron_door":3,"ironchests:key":1,"chipped:eroded_cobblestone":1,"minecraft:crafting_table":3,"minecraft:iron_helmet":1,"minecraft:wooden_pickaxe":1,"ironchests:iron_chest":4,"minecraft:copper_ingot":91,"minecraft:yellow_stained_glass":48,"minecraft:iron_chestplate":1,"minecraft:yellow_dye":7,"minecraft:shield":1,"minecraft:stick":40,"minecraft:iron_ingot":19,"minecraft:iron_pickaxe":3,"minecraft:stone_sword":1,"minecraft:gold_ingot":69,"chipped:oak_planks_panel":3,"minecraft:shears":1,"minecraft:oak_door":3,"minecraft:coal":7,"minecraft:iron_nugget":9,"minecraft:stone_button":8,"minecraft:bone_meal":15,"securitycraft:keypad_frame":1,"minecraft:oak_trapdoor":2,"chipped:smooth_oak_planks":1,"ironchests:key_ring":1,"minecraft:iron_axe":1,"securitycraft:universal_block_remover":1,"minecraft:stone_pickaxe":2,"chipped:whirlwind_oak_planks":1,"ironchests:gold_chest":4,"minecraft:red_dye":8,"chipped:etched_cobblestone_bricks":1,"minecraft:iron_sword":1,"minecraft:bucket":1,"minecraft:bread":103,"minecraft:air":0,"minecraft:gold_nugget":9,"minecraft:oak_stairs":16,"minecraft:iron_shovel":6,"minecraft:iron_leggings":1,"ironchests:lock":5},"minecraft:mined":{"chipped:oak_planks_panel":3,"create:deepslate_zinc_ore":32,"minecraft:spruce_planks":4,"minecraft:attached_melon_stem":2,"minecraft:granite":1,"minecraft:grass_block":572,"minecraft:magma_block":5,"minecraft:iron_ore":29,"minecraft:fire":12,"minecraft:deepslate_lapis_ore":4,"minecraft:dirt_path":6,"minecraft:small_amethyst_bud":1,"minecraft:orange_bed":2,"minecraft:deepslate_redstone_ore":35,"ironchests:copper_chest":1,"supplementaries:book_pile":2,"minecraft:melon_stem":10,"minecraft:smoker":1,"minecraft:medium_amethyst_bud":1,"minecraft:torch":8,"minecraft:melon":31,"minecraft:poppy":8,"minecraft:chest":7,"minecraft:cobblestone":20,"minecraft:sugar_cane":72,"minecraft:oak_planks":94,"chipped:rounded_cobblestone_bricks":6,"minecraft:iron_door":1,"chipped:eroded_cobblestone":1,"minecraft:deepslate_copper_ore":11,"minecraft:skeleton_skull":1,"minecraft:wheat":356,"chipped:sanded_cobblestone":3,"minecraft:grass":148,"minecraft:oak_log":112,"minecraft:sand":213,"minecraft:dirt":520,"treasure2:deepslate_sapphire_ore":1,"minecraft:raw_copper_block":1,"minecraft:oak_leaves":27,"minecraft:deepslate":61,"minecraft:tuff":14,"minecraft:deepslate_diamond_ore":8,"minecraft:oak_door":1,"chipped:crated_oak_planks":2,"chipped:stacked_cobblestone_bricks":410,"minecraft:spruce_leaves":8,"minecraft:cartography_table":1,"chipped:whirlwind_oak_planks":7,"treasure2:deepslate_topaz_ore":1,"chipped:offset_cobblestone_bricks":1,"minecraft:oak_trapdoor":2,"minecraft:furnace":5,"minecraft:andesite":11,"chipped:vertical_cut_cobblestone":1,"minecraft:potatoes":34,"minecraft:deepslate_iron_ore":21,"chipped:cornered_oak_planks":3,"minecraft:stone":287,"minecraft:smithing_table":1,"chipped:etched_cobblestone_bricks":1,"minecraft:dandelion":7,"chipped:smooth_oak_planks":2,"minecraft:crafting_table":8,"ironchests:gold_chest":6,"ironchests:iron_chest":1,"minecraft:copper_ore":8,"minecraft:tall_grass":19,"minecraft:lapis_ore":3,"minecraft:deepslate_gold_ore":56,"minecraft:diorite":18,"supplementaries:urn":15,"minecraft:birch_leaves":1,"minecraft:coal_ore":22,"minecraft:zombie_head":1,"minecraft:gold_ore":1},"minecraft:custom":{"minecraft:interact_with_crafting_table":77,"minecraft:open_barrel":5,"goblintraders:trade_with_goblin":64,"minecraft:leave_game":7,"minecraft:time_since_death":20965,"minecraft:sprint_one_cm":696654,"minecraft:damage_blocked_by_shield":2243,"minecraft:drop":102,"minecraft:play_time":353958,"minecraft:deaths":21,"minecraft:jump":3273,"minecraft:walk_on_water_one_cm":72689,"minecraft:interact_with_furnace":43,"minecraft:sleep_in_bed":3,"minecraft:damage_dealt":10877,"minecraft:crouch_one_cm":100506,"tombstone:undead_killed":32,"minecraft:mob_kills":54,"minecraft:climb_one_cm":4323,"minecraft:walk_one_cm":1134228,"minecraft:damage_dealt_absorbed":80,"minecraft:sneak_time":32775,"minecraft:walk_under_water_one_cm":115514,"minecraft:total_world_time":353958,"spartanshields:shield_bash_hits":7,"minecraft:interact_with_grindstone":3,"minecraft:time_since_rest":20771,"minecraft:damage_taken":8959,"minecraft:swim_one_cm":258162,"minecraft:fly_one_cm":509261,"minecraft:open_chest":116,"minecraft:fall_one_cm":80762},"minecraft:killed_by":{"minecraft:creeper":3,"artifacts:mimic":2,"minecraft:zombie":8,"minecraft:player":2,"alexsmobs:centipede_head":1,"minecraft:skeleton":2},"minecraft:dropped":{"modernlife:chainsaw":1,"farmersdelight:rice":2,"chipped:tiny_andesite_bricks":1,"minecraft:bone":2,"minecraft:gravel":4,"alexsmobs:centipede_leg":2,"minecraft:cobbled_deepslate":5,"minecraft:birch_sapling":1,"minecraft:rotten_flesh":1,"supplementaries:flax_seeds":4,"supplementaries:ash":6,"minecraft:melon_seeds":3,"minecraft:arrow":2,"minecraft:powered_rail":1,"ironchests:key":1,"minecraft:bread":20,"minecraft:wheat_seeds":140,"minecraft:cobblestone":1,"minecraft:amethyst_block":11,"artifacts:snorkel":1,"minecraft:diorite":3,"tombstone:grave_dust":2,"minecraft:iron_leggings":3,"minecraft:redstone":36,"treasure2:topaz":1,"minecraft:kelp":6,"minecraft:raw_iron":108,"securitycraft:universal_block_remover":1,"minecraft:iron_chestplate":2,"ironchests:key_ring":1,"minecraft:spider_eye":1,"minecraft:stone_pickaxe":1,"minecraft:calcite":2},"minecraft:killed":{"minecraft:spider":4,"alexsmobs:murmur":1,"tconstruct:sky_slime":2,"minecraft:skeleton":15,"artifacts:mimic":2,"minecraft:creeper":2,"minecraft:sheep":1,"minecraft:zombie":16,"alexsmobs:terrapin":2,"minecraft:glow_squid":2,"minecraft:cow":2,"mowziesmobs:grottol":1,"minecraft:enderman":1}},"DataVersion":3120}