{"stats":{"minecraft:picked_up":{"minecraft:iron_chestplate":1,"minecraft:crafting_table":1,"minecraft:oak_log":5,"minecraft:dirt":10,"minecraft:iron_leggings":1,"minecraft:orange_bed":2,"tconstruct:sky_slime_ball":2,"minecraft:arrow":4,"minecraft:cartography_table":1,"minecraft:chest":1,"minecraft:iron_boots":1,"minecraft:cobblestone":80},"minecraft:broken":{"minecraft:wooden_pickaxe":1},"minecraft:killed":{"tconstruct:sky_slime":2},"minecraft:custom":{"minecraft:time_since_rest":11264,"minecraft:sprint_one_cm":45025,"minecraft:damage_taken":585,"minecraft:walk_one_cm":22288,"minecraft:mob_kills":2,"minecraft:drop":1,"minecraft:damage_dealt":127,"minecraft:swim_one_cm":3706,"minecraft:interact_with_crafting_table":2,"minecraft:fly_one_cm":33953,"minecraft:open_chest":5,"minecraft:crouch_one_cm":7155,"minecraft:play_time":19178,"minecraft:deaths":2,"minecraft:sneak_time":2022,"minecraft:walk_under_water_one_cm":313,"minecraft:jump":141,"minecraft:leave_game":2,"minecraft:time_since_death":11405,"minecraft:walk_on_water_one_cm":4127,"minecraft:sleep_in_bed":3,"minecraft:total_world_time":19178,"minecraft:fall_one_cm":3588},"minecraft:killed_by":{"minecraft:player":1,"minecraft:zombie":1},"minecraft:mined":{"minecraft:crafting_table":1,"minecraft:grass_block":3,"minecraft:oak_log":5,"minecraft:chest":1,"minecraft:dirt_path":1,"minecraft:dirt":6,"minecraft:stone":81,"minecraft:cartography_table":1,"minecraft:oak_leaves":2,"minecraft:orange_bed":2},"minecraft:dropped":{"minecraft:cobblestone":1},"minecraft:used":{"minecraft:stone_pickaxe":25,"minecraft:wooden_pickaxe":59,"minecraft:orange_bed":1,"minecraft:dirt":1,"minecraft:crafting_table":1,"tombstone:gift":2,"alexsmobs:animal_dictionary":1},"minecraft:crafted":{"minecraft:oak_planks":20,"minecraft:crafting_table":1,"minecraft:stick":20,"minecraft:wooden_pickaxe":1,"minecraft:stone_pickaxe":1}},"DataVersion":3120}